<?xml version='1.0' encoding='UTF-8' standalone='no'?>
<section xmlns="http://docbook.org/ns/docbook" version="5.0" xmlns:xlink="http://www.w3.org/1999/xlink" xml:id="__comm_t_m_s_8cs" xml:lang="en-US">
<title>CommTMS.cs File Reference</title>
<indexterm><primary>CommTMS.cs</primary></indexterm>
<simplesect>
    <title>Classes    </title>
        <itemizedlist>
            <listitem><para>class <link linkend="_class_t_m_s_main_window_1_1_comm_t_m_s">TMSMainWindow.CommTMS</link></para>
</listitem>
        </itemizedlist>
</simplesect>
<simplesect>
    <title>Namespaces    </title>
        <itemizedlist>
            <listitem><para>namespace <link linkend="_namespace_t_m_s_main_window">TMSMainWindow</link></para>
</listitem>
        </itemizedlist>
</simplesect>
</section>
