<?xml version='1.0' encoding='UTF-8' standalone='no'?>
<section xmlns="http://docbook.org/ns/docbook" version="5.0" xmlns:xlink="http://www.w3.org/1999/xlink" xml:id="__order_8cs" xml:lang="en-US">
<title>Order.cs File Reference</title>
<indexterm><primary>Order.cs</primary></indexterm>
<simplesect>
    <title>Classes    </title>
        <itemizedlist>
            <listitem><para>class <link linkend="_class_t_m_s_main_window_1_1_order">TMSMainWindow.Order</link></para>

<para>The purpose of this class is to keep all the parts of an order together. </para>
</listitem>
        </itemizedlist>
</simplesect>
<simplesect>
    <title>Namespaces    </title>
        <itemizedlist>
            <listitem><para>namespace <link linkend="_namespace_t_m_s_main_window">TMSMainWindow</link></para>
</listitem>
        </itemizedlist>
</simplesect>
</section>
