<?xml version='1.0' encoding='UTF-8' standalone='no'?>
<section xmlns="http://docbook.org/ns/docbook" version="5.0" xmlns:xlink="http://www.w3.org/1999/xlink" xml:id="__planner_main_window_8xaml_8cs" xml:lang="en-US">
<title>PlannerMainWindow.xaml.cs File Reference</title>
<indexterm><primary>PlannerMainWindow.xaml.cs</primary></indexterm>
<simplesect>
    <title>Classes    </title>
        <itemizedlist>
            <listitem><para>class <link linkend="_class_t_m_s_main_window_1_1_planner_main_window">TMSMainWindow.PlannerMainWindow</link></para>

<para>Interaction logic for PlannerMainWindow.xaml </para>
</listitem>
        </itemizedlist>
</simplesect>
<simplesect>
    <title>Namespaces    </title>
        <itemizedlist>
            <listitem><para>namespace <link linkend="_namespace_t_m_s_main_window">TMSMainWindow</link></para>
</listitem>
        </itemizedlist>
</simplesect>
</section>
