<?xml version='1.0' encoding='UTF-8' standalone='no'?>
<section xmlns="http://docbook.org/ns/docbook" version="5.0" xmlns:xlink="http://www.w3.org/1999/xlink" xml:id="_class_t_m_s_main_window_1_1_app" xml:lang="en-US">
<title>TMSMainWindow.App Class Reference</title>
<indexterm><primary>TMSMainWindow.App</primary></indexterm>
<para>

<para>Interaction logic for App.xaml </para>
 
</para>
<para>Inheritance diagram for TMSMainWindow.App:    <informalfigure>
        <mediaobject>
            <imageobject>
                <imagedata width="50%" align="center" valign="middle" scalefit="0" fileref="class_t_m_s_main_window_1_1_app.png"></imagedata>
            </imageobject>
        </mediaobject>
    </informalfigure>
</para>
<section>
<title>Detailed Description</title>

<para>Interaction logic for App.xaml </para>
<para>
The documentation for this class was generated from the following file:</para>
<link linkend="__app_8xaml_8cs">App.xaml.cs</link></section>
</section>
