<?xml version='1.0' encoding='UTF-8' standalone='no'?>
<section xmlns="http://docbook.org/ns/docbook" version="5.0" xmlns:xlink="http://www.w3.org/1999/xlink" xml:id="_class_t_m_s_main_window_1_1_contract" xml:lang="en-US">
<title>TMSMainWindow.Contract Class Reference</title>
<indexterm><primary>TMSMainWindow.Contract</primary></indexterm>
<para>

<para>The purpose of this class is to keep all the parts of a contract together. </para>
 
</para>
<simplesect>
    <title>Public Member Functions    </title>
        <itemizedlist>
            <listitem><para><link linkend="_class_t_m_s_main_window_1_1_contract_1ae6fd9572e8236aaeb9e31fd1856060ab">Contract</link> (int <link linkend="_class_t_m_s_main_window_1_1_contract_1ab206d6090be27567862832c59ed261ae">ContractID</link>, string name, int jobType, int quantity, string origin, string destination, int vanType)</para>

<para>To instantiate a new <link linkend="_class_t_m_s_main_window_1_1_contract">Contract</link> object. </para>
</listitem>
            <listitem><para><link linkend="_class_t_m_s_main_window_1_1_contract_1af6ec4a8d5f349decc7cfba961eefdcc4">Contract</link> ()</para>
</listitem>
            <listitem><para>override string <link linkend="_class_t_m_s_main_window_1_1_contract_1ae8dcb8d63c29fb8e3ade124d7237d2a1">ToString</link> ()</para>

<para>Changes an contract&apos;s elements to a legible string. </para>
</listitem>
        </itemizedlist>
</simplesect>
<simplesect>
    <title>Properties    </title>
        <itemizedlist>
            <listitem><para>int <link linkend="_class_t_m_s_main_window_1_1_contract_1ab206d6090be27567862832c59ed261ae">ContractID</link><computeroutput> [getset]</computeroutput>
</para>

<para>/The contract ID </para>
</listitem>
            <listitem><para>string <link linkend="_class_t_m_s_main_window_1_1_contract_1a3fbc3166d4f1a1e99efc3f4068afe967">Name</link><computeroutput> [getset]</computeroutput>
</para>

<para>/The customer name </para>
</listitem>
            <listitem><para>int <link linkend="_class_t_m_s_main_window_1_1_contract_1a47c06fbf639da7ae54367d23239c12d9">JobType</link><computeroutput> [getset]</computeroutput>
</para>

<para>/The type of job </para>
</listitem>
            <listitem><para>int <link linkend="_class_t_m_s_main_window_1_1_contract_1a5078d194297643b1ecf86d20d2e5c1a7">Quantity</link><computeroutput> [getset]</computeroutput>
</para>

<para>/Amount of boxes on the order </para>
</listitem>
            <listitem><para>string <link linkend="_class_t_m_s_main_window_1_1_contract_1a04e3405f5a7964dcaa4da821d6d27631">Origin</link><computeroutput> [getset]</computeroutput>
</para>

<para>/Origin city </para>
</listitem>
            <listitem><para>string <link linkend="_class_t_m_s_main_window_1_1_contract_1a8b820da859b813758ad956795f875dc7">Destination</link><computeroutput> [getset]</computeroutput>
</para>

<para>/The final city </para>
</listitem>
            <listitem><para>int <link linkend="_class_t_m_s_main_window_1_1_contract_1acb6cf164681cfcd7d5dd6937f1ddccb8">VanType</link><computeroutput> [getset]</computeroutput>
</para>

<para>/LTL or FTL </para>
</listitem>
        </itemizedlist>
</simplesect>
<section>
<title>Detailed Description</title>

<para>The purpose of this class is to keep all the parts of a contract together. </para>



<para><formalpara><title>Author</title>

<para><emphasis>Ashley Ingle + Andrew Tudor + Will Schwetz + Taylor Trainor</emphasis> </para>
</formalpara>
</para>
</section>
<section>
<title>Constructor &amp; Destructor Documentation</title>
<anchor xml:id="_class_t_m_s_main_window_1_1_contract_1ae6fd9572e8236aaeb9e31fd1856060ab"/><section>
    <title>Contract()<computeroutput>[1/2]</computeroutput></title>
<indexterm><primary>Contract</primary><secondary>TMSMainWindow.Contract</secondary></indexterm>
<indexterm><primary>TMSMainWindow.Contract</primary><secondary>Contract</secondary></indexterm>
<para><computeroutput>TMSMainWindow.Contract.Contract (int ContractID, string name, int jobType, int quantity, string origin, string destination, int vanType)</computeroutput></para><para>

<para>To instantiate a new <link linkend="_class_t_m_s_main_window_1_1_contract">Contract</link> object. </para>
</para>

<para><formalpara><title>Returns</title>

<para>As this is a <emphasis>constructor&lt; / i&gt; for the <link linkend="_class_t_m_s_main_window_1_1_contract">Contract</link> class, nothing is returned </emphasis></para>
</formalpara>
</para>
</section>
<anchor xml:id="_class_t_m_s_main_window_1_1_contract_1af6ec4a8d5f349decc7cfba961eefdcc4"/><section>
    <title>Contract()<computeroutput>[2/2]</computeroutput></title>
<indexterm><primary>Contract</primary><secondary>TMSMainWindow.Contract</secondary></indexterm>
<indexterm><primary>TMSMainWindow.Contract</primary><secondary>Contract</secondary></indexterm>
<para><computeroutput>TMSMainWindow.Contract.Contract ( )</computeroutput></para></section>
</section>
<section>
<title>Member Function Documentation</title>
<anchor xml:id="_class_t_m_s_main_window_1_1_contract_1ae8dcb8d63c29fb8e3ade124d7237d2a1"/><section>
    <title>ToString()</title>
<indexterm><primary>ToString</primary><secondary>TMSMainWindow.Contract</secondary></indexterm>
<indexterm><primary>TMSMainWindow.Contract</primary><secondary>ToString</secondary></indexterm>
<para><computeroutput>override string TMSMainWindow.Contract.ToString ( )</computeroutput></para><para>

<para>Changes an contract&apos;s elements to a legible string. </para>
</para>

<para>
                <formalpara>
                    <title>
Parameters</title>
                    <para>
                    <table frame="all">
                        <tgroup cols="2" align="left" colsep="1" rowsep="1">
                        <colspec colwidth="1*"/>
                        <colspec colwidth="4*"/>
                        <tbody>
                            <row>
<entry>N/A</entry><entry></entry>
                            </row>
                        </tbody>
                        </tgroup>
                    </table>
                    </para>
                </formalpara>
                <formalpara><title>Returns</title>

<para>the elements of the contract as a string </para>
</formalpara>
</para>
</section>
</section>
<section>
<title>Property Documentation</title>
<anchor xml:id="_class_t_m_s_main_window_1_1_contract_1ab206d6090be27567862832c59ed261ae"/><section>
    <title>ContractID</title>
<indexterm><primary>ContractID</primary><secondary>TMSMainWindow.Contract</secondary></indexterm>
<indexterm><primary>TMSMainWindow.Contract</primary><secondary>ContractID</secondary></indexterm>
<para><computeroutput>int TMSMainWindow.Contract.ContractID<computeroutput>[get]</computeroutput>, <computeroutput>[set]</computeroutput></computeroutput></para><para>

<para>/The contract ID </para>
</para>
</section>
<anchor xml:id="_class_t_m_s_main_window_1_1_contract_1a8b820da859b813758ad956795f875dc7"/><section>
    <title>Destination</title>
<indexterm><primary>Destination</primary><secondary>TMSMainWindow.Contract</secondary></indexterm>
<indexterm><primary>TMSMainWindow.Contract</primary><secondary>Destination</secondary></indexterm>
<para><computeroutput>string TMSMainWindow.Contract.Destination<computeroutput>[get]</computeroutput>, <computeroutput>[set]</computeroutput></computeroutput></para><para>

<para>/The final city </para>
</para>
</section>
<anchor xml:id="_class_t_m_s_main_window_1_1_contract_1a47c06fbf639da7ae54367d23239c12d9"/><section>
    <title>JobType</title>
<indexterm><primary>JobType</primary><secondary>TMSMainWindow.Contract</secondary></indexterm>
<indexterm><primary>TMSMainWindow.Contract</primary><secondary>JobType</secondary></indexterm>
<para><computeroutput>int TMSMainWindow.Contract.JobType<computeroutput>[get]</computeroutput>, <computeroutput>[set]</computeroutput></computeroutput></para><para>

<para>/The type of job </para>
</para>
</section>
<anchor xml:id="_class_t_m_s_main_window_1_1_contract_1a3fbc3166d4f1a1e99efc3f4068afe967"/><section>
    <title>Name</title>
<indexterm><primary>Name</primary><secondary>TMSMainWindow.Contract</secondary></indexterm>
<indexterm><primary>TMSMainWindow.Contract</primary><secondary>Name</secondary></indexterm>
<para><computeroutput>string TMSMainWindow.Contract.Name<computeroutput>[get]</computeroutput>, <computeroutput>[set]</computeroutput></computeroutput></para><para>

<para>/The customer name </para>
</para>
</section>
<anchor xml:id="_class_t_m_s_main_window_1_1_contract_1a04e3405f5a7964dcaa4da821d6d27631"/><section>
    <title>Origin</title>
<indexterm><primary>Origin</primary><secondary>TMSMainWindow.Contract</secondary></indexterm>
<indexterm><primary>TMSMainWindow.Contract</primary><secondary>Origin</secondary></indexterm>
<para><computeroutput>string TMSMainWindow.Contract.Origin<computeroutput>[get]</computeroutput>, <computeroutput>[set]</computeroutput></computeroutput></para><para>

<para>/Origin city </para>
</para>
</section>
<anchor xml:id="_class_t_m_s_main_window_1_1_contract_1a5078d194297643b1ecf86d20d2e5c1a7"/><section>
    <title>Quantity</title>
<indexterm><primary>Quantity</primary><secondary>TMSMainWindow.Contract</secondary></indexterm>
<indexterm><primary>TMSMainWindow.Contract</primary><secondary>Quantity</secondary></indexterm>
<para><computeroutput>int TMSMainWindow.Contract.Quantity<computeroutput>[get]</computeroutput>, <computeroutput>[set]</computeroutput></computeroutput></para><para>

<para>/Amount of boxes on the order </para>
</para>
</section>
<anchor xml:id="_class_t_m_s_main_window_1_1_contract_1acb6cf164681cfcd7d5dd6937f1ddccb8"/><section>
    <title>VanType</title>
<indexterm><primary>VanType</primary><secondary>TMSMainWindow.Contract</secondary></indexterm>
<indexterm><primary>TMSMainWindow.Contract</primary><secondary>VanType</secondary></indexterm>
<para><computeroutput>int TMSMainWindow.Contract.VanType<computeroutput>[get]</computeroutput>, <computeroutput>[set]</computeroutput></computeroutput></para><para>

<para>/LTL or FTL </para>
</para>
</section>
<para>
The documentation for this class was generated from the following file:</para>
<link linkend="__contract_8cs">Contract.cs</link></section>
</section>
