<?xml version='1.0' encoding='UTF-8' standalone='no'?>
<doxygen xmlns:xsi="http://www.w3.org/2001/XMLSchema-instance" xsi:noNamespaceSchemaLocation="compound.xsd" version="1.9.2" xml:lang="en-US">
  <compounddef id="_admin_main_window_8xaml_8cs" kind="file" language="C#">
    <compoundname>AdminMainWindow.xaml.cs</compoundname>
    <innerclass refid="class_t_m_s_main_window_1_1_admin_main_window" prot="public">TMSMainWindow::AdminMainWindow</innerclass>
    <innernamespace refid="namespace_t_m_s_main_window">TMSMainWindow</innernamespace>
    <innernamespace refid="namespace_system">System</innernamespace>
    <innernamespace refid="namespace_system_1_1_collections_1_1_generic">System::Collections::Generic</innernamespace>
    <innernamespace refid="namespace_system_1_1_linq">System::Linq</innernamespace>
    <innernamespace refid="namespace_system_1_1_text">System::Text</innernamespace>
    <innernamespace refid="namespace_system_1_1_threading_1_1_tasks">System::Threading::Tasks</innernamespace>
    <innernamespace refid="namespace_system_1_1_windows">System::Windows</innernamespace>
    <innernamespace refid="namespace_system_1_1_windows_1_1_controls">System::Windows::Controls</innernamespace>
    <innernamespace refid="namespace_system_1_1_windows_1_1_data">System::Windows::Data</innernamespace>
    <innernamespace refid="namespace_system_1_1_windows_1_1_documents">System::Windows::Documents</innernamespace>
    <innernamespace refid="namespace_system_1_1_windows_1_1_input">System::Windows::Input</innernamespace>
    <innernamespace refid="namespace_system_1_1_windows_1_1_media">System::Windows::Media</innernamespace>
    <innernamespace refid="namespace_system_1_1_windows_1_1_media_1_1_imaging">System::Windows::Media::Imaging</innernamespace>
    <innernamespace refid="namespace_system_1_1_windows_1_1_shapes">System::Windows::Shapes</innernamespace>
    <innernamespace refid="namespace_system_1_1_configuration">System::Configuration</innernamespace>
    <briefdescription>
    </briefdescription>
    <detaileddescription>
    </detaileddescription>
    <programlisting>
<codeline lineno="1"><highlight class="keyword">using</highlight><highlight class="normal"><sp/>System;</highlight></codeline>
<codeline lineno="2"><highlight class="normal"></highlight><highlight class="keyword">using</highlight><highlight class="normal"><sp/>System.Collections.Generic;</highlight></codeline>
<codeline lineno="3"><highlight class="normal"></highlight><highlight class="keyword">using</highlight><highlight class="normal"><sp/>System.Linq;</highlight></codeline>
<codeline lineno="4"><highlight class="normal"></highlight><highlight class="keyword">using</highlight><highlight class="normal"><sp/>System.Text;</highlight></codeline>
<codeline lineno="5"><highlight class="normal"></highlight><highlight class="keyword">using</highlight><highlight class="normal"><sp/>System.Threading.Tasks;</highlight></codeline>
<codeline lineno="6"><highlight class="normal"></highlight><highlight class="keyword">using</highlight><highlight class="normal"><sp/>System.Windows;</highlight></codeline>
<codeline lineno="7"><highlight class="normal"></highlight><highlight class="keyword">using</highlight><highlight class="normal"><sp/>System.Windows.Controls;</highlight></codeline>
<codeline lineno="8"><highlight class="normal"></highlight><highlight class="keyword">using</highlight><highlight class="normal"><sp/>System.Windows.Data;</highlight></codeline>
<codeline lineno="9"><highlight class="normal"></highlight><highlight class="keyword">using</highlight><highlight class="normal"><sp/>System.Windows.Documents;</highlight></codeline>
<codeline lineno="10"><highlight class="normal"></highlight><highlight class="keyword">using</highlight><highlight class="normal"><sp/>System.Windows.Input;</highlight></codeline>
<codeline lineno="11"><highlight class="normal"></highlight><highlight class="keyword">using</highlight><highlight class="normal"><sp/>System.Windows.Media;</highlight></codeline>
<codeline lineno="12"><highlight class="normal"></highlight><highlight class="keyword">using</highlight><highlight class="normal"><sp/>System.Windows.Media.Imaging;</highlight></codeline>
<codeline lineno="13"><highlight class="normal"></highlight><highlight class="keyword">using</highlight><highlight class="normal"><sp/>System.Windows.Shapes;</highlight></codeline>
<codeline lineno="14"><highlight class="normal"></highlight><highlight class="keyword">using</highlight><highlight class="normal"><sp/>System.Configuration;</highlight></codeline>
<codeline lineno="15"><highlight class="normal"></highlight></codeline>
<codeline lineno="16" refid="namespace_t_m_s_main_window" refkind="compound"><highlight class="normal"></highlight><highlight class="keyword">namespace<sp/></highlight><highlight class="normal"><ref refid="namespace_t_m_s_main_window" kindref="compound">TMSMainWindow</ref></highlight></codeline>
<codeline lineno="17"><highlight class="normal">{</highlight></codeline>
<codeline lineno="21" refid="class_t_m_s_main_window_1_1_admin_main_window" refkind="compound"><highlight class="normal"><sp/><sp/><sp/><sp/></highlight><highlight class="keyword">public</highlight><highlight class="normal"><sp/></highlight><highlight class="keyword">partial<sp/>class<sp/></highlight><highlight class="normal"><ref refid="class_t_m_s_main_window_1_1_admin_main_window" kindref="compound">AdminMainWindow</ref><sp/>:<sp/>Window</highlight></codeline>
<codeline lineno="22"><highlight class="normal"><sp/><sp/><sp/><sp/>{</highlight></codeline>
<codeline lineno="27"><highlight class="normal"><sp/><sp/><sp/><sp/><sp/><sp/><sp/><sp/></highlight><highlight class="keyword">private</highlight><highlight class="normal"><sp/><ref refid="class_t_m_s_main_window_1_1_comm_t_m_s" kindref="compound">CommTMS</ref><sp/>nTMS<sp/>=<sp/></highlight><highlight class="keyword">new</highlight><highlight class="normal"><sp/><ref refid="class_t_m_s_main_window_1_1_comm_t_m_s" kindref="compound">CommTMS</ref>(ConfigurationManager.AppSettings.Get(</highlight><highlight class="stringliteral">&quot;localUser&quot;</highlight><highlight class="normal">),</highlight></codeline>
<codeline lineno="28"><highlight class="normal"><sp/><sp/><sp/><sp/><sp/><sp/><sp/><sp/><sp/><sp/><sp/><sp/><sp/><sp/><sp/><sp/><sp/><sp/><sp/><sp/><sp/><sp/><sp/><sp/>ConfigurationManager.AppSettings.Get(</highlight><highlight class="stringliteral">&quot;localPass&quot;</highlight><highlight class="normal">),</highlight></codeline>
<codeline lineno="29"><highlight class="normal"><sp/><sp/><sp/><sp/><sp/><sp/><sp/><sp/><sp/><sp/><sp/><sp/><sp/><sp/><sp/><sp/><sp/><sp/><sp/><sp/><sp/><sp/><sp/><sp/>ConfigurationManager.AppSettings.Get(</highlight><highlight class="stringliteral">&quot;localIP&quot;</highlight><highlight class="normal">),</highlight></codeline>
<codeline lineno="30"><highlight class="normal"><sp/><sp/><sp/><sp/><sp/><sp/><sp/><sp/><sp/><sp/><sp/><sp/><sp/><sp/><sp/><sp/><sp/><sp/><sp/><sp/><sp/><sp/><sp/><sp/>Int32.Parse(ConfigurationManager.AppSettings.Get(</highlight><highlight class="stringliteral">&quot;localPort&quot;</highlight><highlight class="normal">)),</highlight></codeline>
<codeline lineno="31"><highlight class="normal"><sp/><sp/><sp/><sp/><sp/><sp/><sp/><sp/><sp/><sp/><sp/><sp/><sp/><sp/><sp/><sp/><sp/><sp/><sp/><sp/><sp/><sp/><sp/><sp/>ConfigurationManager.AppSettings.Get(</highlight><highlight class="stringliteral">&quot;localDb&quot;</highlight><highlight class="normal">));</highlight></codeline>
<codeline lineno="32"><highlight class="normal"></highlight></codeline>
<codeline lineno="34"><highlight class="normal"><sp/><sp/><sp/><sp/><sp/><sp/><sp/><sp/></highlight></codeline>
<codeline lineno="35"><highlight class="normal"><sp/><sp/><sp/><sp/><sp/><sp/><sp/><sp/></highlight><highlight class="keyword">public</highlight><highlight class="normal"><sp/><ref refid="class_t_m_s_main_window_1_1_admin_main_window_1ad9773b55fb89e2488fcecf9d6a9b65aa" kindref="member">AdminMainWindow</ref>()</highlight></codeline>
<codeline lineno="36"><highlight class="normal"><sp/><sp/><sp/><sp/><sp/><sp/><sp/><sp/>{</highlight></codeline>
<codeline lineno="37"><highlight class="normal"><sp/><sp/><sp/><sp/><sp/><sp/><sp/><sp/><sp/><sp/><sp/><sp/>InitializeComponent();</highlight></codeline>
<codeline lineno="38"><highlight class="normal"><sp/><sp/><sp/><sp/><sp/><sp/><sp/><sp/><sp/><sp/><sp/><sp/>CurrentLogFileDirectoryTextBox.Text<sp/>=<sp/>ConfigurationManager.AppSettings.Get(</highlight><highlight class="stringliteral">&quot;logPath&quot;</highlight><highlight class="normal">);</highlight></codeline>
<codeline lineno="39"><highlight class="normal"><sp/><sp/><sp/><sp/><sp/><sp/><sp/><sp/><sp/><sp/><sp/><sp/></highlight><highlight class="comment">//<sp/>Generate<sp/>the<sp/>carrier<sp/>list<sp/>to<sp/>display<sp/>the<sp/>details</highlight><highlight class="normal"></highlight></codeline>
<codeline lineno="40"><highlight class="normal"><sp/><sp/><sp/><sp/><sp/><sp/><sp/><sp/><sp/><sp/><sp/><sp/>List&lt;Carrier&gt;<sp/>cList<sp/>=<sp/></highlight><highlight class="keyword">new</highlight><highlight class="normal"><sp/>List&lt;Carrier&gt;();</highlight></codeline>
<codeline lineno="41"><highlight class="normal"><sp/><sp/><sp/><sp/><sp/><sp/><sp/><sp/><sp/><sp/><sp/><sp/>cList<sp/>=<sp/>nTMS.<ref refid="class_t_m_s_main_window_1_1_comm_t_m_s_1a49a86fee4c39cee537155a617e9fdc6b" kindref="member">CarrierList</ref>();</highlight></codeline>
<codeline lineno="42"><highlight class="normal"><sp/><sp/><sp/><sp/><sp/><sp/><sp/><sp/><sp/><sp/><sp/><sp/>CarrierDataGrid.ItemsSource<sp/>=<sp/>cList;</highlight></codeline>
<codeline lineno="43"><highlight class="normal"></highlight></codeline>
<codeline lineno="44"><highlight class="normal"><sp/><sp/><sp/><sp/><sp/><sp/><sp/><sp/><sp/><sp/><sp/><sp/></highlight><highlight class="comment">//<sp/>Display<sp/>configuration<sp/>data</highlight><highlight class="normal"></highlight></codeline>
<codeline lineno="45"><highlight class="normal"><sp/><sp/><sp/><sp/><sp/><sp/><sp/><sp/><sp/><sp/><sp/><sp/>LocalDatabaseIPAddressTextBox.Text<sp/>=<sp/>ConfigurationManager.AppSettings.Get(</highlight><highlight class="stringliteral">&quot;localIP&quot;</highlight><highlight class="normal">);</highlight></codeline>
<codeline lineno="46"><highlight class="normal"><sp/><sp/><sp/><sp/><sp/><sp/><sp/><sp/><sp/><sp/><sp/><sp/>LocalDatabasePortNumberTextBox.Text<sp/>=<sp/>ConfigurationManager.AppSettings.Get(</highlight><highlight class="stringliteral">&quot;localPort&quot;</highlight><highlight class="normal">);</highlight></codeline>
<codeline lineno="47"><highlight class="normal"><sp/><sp/><sp/><sp/><sp/><sp/><sp/><sp/><sp/><sp/><sp/><sp/>ContractIPAddressTextBox.Text<sp/>=<sp/>ConfigurationManager.AppSettings.Get(</highlight><highlight class="stringliteral">&quot;marketplaceIP&quot;</highlight><highlight class="normal">);</highlight></codeline>
<codeline lineno="48"><highlight class="normal"><sp/><sp/><sp/><sp/><sp/><sp/><sp/><sp/><sp/><sp/><sp/><sp/>ContractPortNumberTextBox.Text<sp/>=<sp/>ConfigurationManager.AppSettings.Get(</highlight><highlight class="stringliteral">&quot;marketplacePort&quot;</highlight><highlight class="normal">);</highlight></codeline>
<codeline lineno="49"><highlight class="normal"><sp/><sp/><sp/><sp/><sp/><sp/><sp/><sp/>}</highlight></codeline>
<codeline lineno="50"><highlight class="normal"></highlight></codeline>
<codeline lineno="58"><highlight class="normal"><sp/><sp/><sp/><sp/><sp/><sp/><sp/><sp/></highlight></codeline>
<codeline lineno="59"><highlight class="normal"><sp/><sp/><sp/><sp/><sp/><sp/><sp/><sp/></highlight><highlight class="keyword">private</highlight><highlight class="normal"><sp/></highlight><highlight class="keywordtype">void</highlight><highlight class="normal"><sp/>ChangeLogFile(</highlight><highlight class="keywordtype">object</highlight><highlight class="normal"><sp/>sender,<sp/>SelectionChangedEventArgs<sp/>e)</highlight></codeline>
<codeline lineno="60"><highlight class="normal"><sp/><sp/><sp/><sp/><sp/><sp/><sp/><sp/>{</highlight></codeline>
<codeline lineno="61"><highlight class="normal"></highlight></codeline>
<codeline lineno="62"><highlight class="normal"><sp/><sp/><sp/><sp/><sp/><sp/><sp/><sp/>}</highlight></codeline>
<codeline lineno="63"><highlight class="normal"><sp/><sp/><sp/><sp/>}</highlight></codeline>
<codeline lineno="64"><highlight class="normal">}</highlight></codeline>
    </programlisting>
    <location file="AdminMainWindow.xaml.cs"/>
  </compounddef>
</doxygen>
