<?xml version='1.0' encoding='UTF-8' standalone='no'?>
<doxygen xmlns:xsi="http://www.w3.org/2001/XMLSchema-instance" xsi:noNamespaceSchemaLocation="compound.xsd" version="1.9.2" xml:lang="en-US">
  <compounddef id="_contract_8cs" kind="file" language="C#">
    <compoundname>Contract.cs</compoundname>
    <innerclass refid="class_t_m_s_main_window_1_1_contract" prot="public">TMSMainWindow::Contract</innerclass>
    <innernamespace refid="namespace_t_m_s_main_window">TMSMainWindow</innernamespace>
    <briefdescription>
    </briefdescription>
    <detaileddescription>
    </detaileddescription>
    <programlisting>
<codeline lineno="1"><highlight class="keyword">using</highlight><highlight class="normal"><sp/>System;</highlight></codeline>
<codeline lineno="2"><highlight class="normal"></highlight><highlight class="keyword">using</highlight><highlight class="normal"><sp/>System.Collections.Generic;</highlight></codeline>
<codeline lineno="3"><highlight class="normal"></highlight><highlight class="keyword">using</highlight><highlight class="normal"><sp/>System.Linq;</highlight></codeline>
<codeline lineno="4"><highlight class="normal"></highlight><highlight class="keyword">using</highlight><highlight class="normal"><sp/>System.Text;</highlight></codeline>
<codeline lineno="5"><highlight class="normal"></highlight><highlight class="keyword">using</highlight><highlight class="normal"><sp/>System.Threading.Tasks;</highlight></codeline>
<codeline lineno="6"><highlight class="normal"></highlight></codeline>
<codeline lineno="7"><highlight class="normal"></highlight><highlight class="keyword">namespace<sp/></highlight><highlight class="normal"><ref refid="namespace_t_m_s_main_window" kindref="compound">TMSMainWindow</ref></highlight></codeline>
<codeline lineno="8"><highlight class="normal">{</highlight></codeline>
<codeline lineno="16" refid="class_t_m_s_main_window_1_1_contract" refkind="compound"><highlight class="normal"><sp/><sp/><sp/><sp/></highlight><highlight class="keyword">public</highlight><highlight class="normal"><sp/></highlight><highlight class="keyword">class<sp/></highlight><highlight class="normal"><ref refid="class_t_m_s_main_window_1_1_contract" kindref="compound">Contract</ref></highlight></codeline>
<codeline lineno="17"><highlight class="normal"><sp/><sp/><sp/><sp/>{</highlight></codeline>
<codeline lineno="18"><highlight class="normal"><sp/><sp/><sp/><sp/><sp/><sp/><sp/><sp/></highlight><highlight class="keyword">public</highlight><highlight class="normal"><sp/></highlight><highlight class="keywordtype">int</highlight><highlight class="normal"><sp/><ref refid="class_t_m_s_main_window_1_1_contract_1ab206d6090be27567862832c59ed261ae" kindref="member">ContractID</ref><sp/>{<sp/></highlight><highlight class="keyword">get</highlight><highlight class="normal">;<sp/></highlight><highlight class="keyword">set</highlight><highlight class="normal">;<sp/>}<sp/></highlight></codeline>
<codeline lineno="19"><highlight class="normal"><sp/><sp/><sp/><sp/><sp/><sp/><sp/><sp/></highlight><highlight class="keyword">public</highlight><highlight class="normal"><sp/></highlight><highlight class="keywordtype">string</highlight><highlight class="normal"><sp/><ref refid="class_t_m_s_main_window_1_1_contract_1a3fbc3166d4f1a1e99efc3f4068afe967" kindref="member">Name</ref><sp/>{<sp/></highlight><highlight class="keyword">get</highlight><highlight class="normal">;<sp/></highlight><highlight class="keyword">set</highlight><highlight class="normal">;<sp/>}<sp/></highlight></codeline>
<codeline lineno="20"><highlight class="normal"><sp/><sp/><sp/><sp/><sp/><sp/><sp/><sp/></highlight><highlight class="keyword">public</highlight><highlight class="normal"><sp/></highlight><highlight class="keywordtype">int</highlight><highlight class="normal"><sp/><ref refid="class_t_m_s_main_window_1_1_contract_1a47c06fbf639da7ae54367d23239c12d9" kindref="member">JobType</ref><sp/>{<sp/></highlight><highlight class="keyword">get</highlight><highlight class="normal">;<sp/></highlight><highlight class="keyword">set</highlight><highlight class="normal">;<sp/>}<sp/></highlight></codeline>
<codeline lineno="21"><highlight class="normal"><sp/><sp/><sp/><sp/><sp/><sp/><sp/><sp/></highlight><highlight class="keyword">public</highlight><highlight class="normal"><sp/></highlight><highlight class="keywordtype">int</highlight><highlight class="normal"><sp/><ref refid="class_t_m_s_main_window_1_1_contract_1a5078d194297643b1ecf86d20d2e5c1a7" kindref="member">Quantity</ref><sp/>{<sp/></highlight><highlight class="keyword">get</highlight><highlight class="normal">;<sp/></highlight><highlight class="keyword">set</highlight><highlight class="normal">;<sp/>}<sp/></highlight></codeline>
<codeline lineno="22"><highlight class="normal"><sp/><sp/><sp/><sp/><sp/><sp/><sp/><sp/></highlight><highlight class="keyword">public</highlight><highlight class="normal"><sp/></highlight><highlight class="keywordtype">string</highlight><highlight class="normal"><sp/><ref refid="class_t_m_s_main_window_1_1_contract_1a04e3405f5a7964dcaa4da821d6d27631" kindref="member">Origin</ref><sp/>{<sp/></highlight><highlight class="keyword">get</highlight><highlight class="normal">;<sp/></highlight><highlight class="keyword">set</highlight><highlight class="normal">;<sp/>}<sp/></highlight></codeline>
<codeline lineno="23"><highlight class="normal"><sp/><sp/><sp/><sp/><sp/><sp/><sp/><sp/></highlight><highlight class="keyword">public</highlight><highlight class="normal"><sp/></highlight><highlight class="keywordtype">string</highlight><highlight class="normal"><sp/><ref refid="class_t_m_s_main_window_1_1_contract_1a8b820da859b813758ad956795f875dc7" kindref="member">Destination</ref><sp/>{<sp/></highlight><highlight class="keyword">get</highlight><highlight class="normal">;<sp/></highlight><highlight class="keyword">set</highlight><highlight class="normal">;<sp/>}<sp/></highlight></codeline>
<codeline lineno="24"><highlight class="normal"><sp/><sp/><sp/><sp/><sp/><sp/><sp/><sp/></highlight><highlight class="keyword">public</highlight><highlight class="normal"><sp/></highlight><highlight class="keywordtype">int</highlight><highlight class="normal"><sp/><ref refid="class_t_m_s_main_window_1_1_contract_1acb6cf164681cfcd7d5dd6937f1ddccb8" kindref="member">VanType</ref><sp/>{<sp/></highlight><highlight class="keyword">get</highlight><highlight class="normal">;<sp/></highlight><highlight class="keyword">set</highlight><highlight class="normal">;<sp/>}<sp/></highlight></codeline>
<codeline lineno="25"><highlight class="normal"></highlight></codeline>
<codeline lineno="31"><highlight class="normal"><sp/><sp/><sp/><sp/><sp/><sp/><sp/><sp/></highlight><highlight class="keyword">public</highlight><highlight class="normal"><sp/><ref refid="class_t_m_s_main_window_1_1_contract_1af6ec4a8d5f349decc7cfba961eefdcc4" kindref="member">Contract</ref>(</highlight><highlight class="keywordtype">int</highlight><highlight class="normal"><sp/><ref refid="class_t_m_s_main_window_1_1_contract_1ab206d6090be27567862832c59ed261ae" kindref="member">ContractID</ref>,<sp/><sp/></highlight><highlight class="keywordtype">string</highlight><highlight class="normal"><sp/>name,<sp/></highlight><highlight class="keywordtype">int</highlight><highlight class="normal"><sp/>jobType,<sp/></highlight><highlight class="keywordtype">int</highlight><highlight class="normal"><sp/>quantity,<sp/></highlight><highlight class="keywordtype">string</highlight><highlight class="normal"><sp/>origin,<sp/></highlight><highlight class="keywordtype">string</highlight><highlight class="normal"><sp/>destination,<sp/></highlight><highlight class="keywordtype">int</highlight><highlight class="normal"><sp/>vanType)</highlight></codeline>
<codeline lineno="32"><highlight class="normal"><sp/><sp/><sp/><sp/><sp/><sp/><sp/><sp/>{</highlight></codeline>
<codeline lineno="33"><highlight class="normal"><sp/><sp/><sp/><sp/><sp/><sp/><sp/><sp/><sp/><sp/><sp/><sp/>this.ContractID<sp/>=<sp/><ref refid="class_t_m_s_main_window_1_1_contract_1ab206d6090be27567862832c59ed261ae" kindref="member">ContractID</ref>;</highlight></codeline>
<codeline lineno="34"><highlight class="normal"><sp/><sp/><sp/><sp/><sp/><sp/><sp/><sp/><sp/><sp/><sp/><sp/>this.<ref refid="class_t_m_s_main_window_1_1_contract_1a3fbc3166d4f1a1e99efc3f4068afe967" kindref="member">Name</ref><sp/>=<sp/>name;</highlight></codeline>
<codeline lineno="35"><highlight class="normal"><sp/><sp/><sp/><sp/><sp/><sp/><sp/><sp/><sp/><sp/><sp/><sp/>this.<ref refid="class_t_m_s_main_window_1_1_contract_1a47c06fbf639da7ae54367d23239c12d9" kindref="member">JobType</ref><sp/>=<sp/>jobType;</highlight></codeline>
<codeline lineno="36"><highlight class="normal"><sp/><sp/><sp/><sp/><sp/><sp/><sp/><sp/><sp/><sp/><sp/><sp/>this.<ref refid="class_t_m_s_main_window_1_1_contract_1a5078d194297643b1ecf86d20d2e5c1a7" kindref="member">Quantity</ref><sp/>=<sp/>quantity;</highlight></codeline>
<codeline lineno="37"><highlight class="normal"><sp/><sp/><sp/><sp/><sp/><sp/><sp/><sp/><sp/><sp/><sp/><sp/>this.<ref refid="class_t_m_s_main_window_1_1_contract_1a04e3405f5a7964dcaa4da821d6d27631" kindref="member">Origin</ref><sp/>=<sp/>origin;</highlight></codeline>
<codeline lineno="38"><highlight class="normal"><sp/><sp/><sp/><sp/><sp/><sp/><sp/><sp/><sp/><sp/><sp/><sp/>this.<ref refid="class_t_m_s_main_window_1_1_contract_1a8b820da859b813758ad956795f875dc7" kindref="member">Destination</ref><sp/>=<sp/>destination;</highlight></codeline>
<codeline lineno="39"><highlight class="normal"><sp/><sp/><sp/><sp/><sp/><sp/><sp/><sp/><sp/><sp/><sp/><sp/>this.<ref refid="class_t_m_s_main_window_1_1_contract_1acb6cf164681cfcd7d5dd6937f1ddccb8" kindref="member">VanType</ref><sp/>=<sp/>vanType;</highlight></codeline>
<codeline lineno="40"><highlight class="normal"><sp/><sp/><sp/><sp/><sp/><sp/><sp/><sp/>}</highlight></codeline>
<codeline lineno="41"><highlight class="normal"><sp/><sp/><sp/><sp/><sp/><sp/><sp/><sp/></highlight><highlight class="keyword">public</highlight><highlight class="normal"><sp/><ref refid="class_t_m_s_main_window_1_1_contract_1af6ec4a8d5f349decc7cfba961eefdcc4" kindref="member">Contract</ref>()</highlight></codeline>
<codeline lineno="42"><highlight class="normal"><sp/><sp/><sp/><sp/><sp/><sp/><sp/><sp/>{</highlight></codeline>
<codeline lineno="43"><highlight class="normal"></highlight></codeline>
<codeline lineno="44"><highlight class="normal"><sp/><sp/><sp/><sp/><sp/><sp/><sp/><sp/>}</highlight></codeline>
<codeline lineno="45"><highlight class="normal"></highlight></codeline>
<codeline lineno="52"><highlight class="normal"><sp/><sp/><sp/><sp/><sp/><sp/><sp/><sp/></highlight><highlight class="keyword">public</highlight><highlight class="normal"><sp/></highlight><highlight class="keyword">override</highlight><highlight class="normal"><sp/></highlight><highlight class="keywordtype">string</highlight><highlight class="normal"><sp/><ref refid="class_t_m_s_main_window_1_1_contract_1ae8dcb8d63c29fb8e3ade124d7237d2a1" kindref="member">ToString</ref>()</highlight></codeline>
<codeline lineno="53"><highlight class="normal"><sp/><sp/><sp/><sp/><sp/><sp/><sp/><sp/>{</highlight></codeline>
<codeline lineno="54"><highlight class="normal"><sp/><sp/><sp/><sp/><sp/><sp/><sp/><sp/><sp/><sp/><sp/><sp/></highlight><highlight class="keywordflow">return</highlight><highlight class="normal"><sp/>String.Format(<ref refid="class_t_m_s_main_window_1_1_contract_1ab206d6090be27567862832c59ed261ae" kindref="member">ContractID</ref><sp/>+<sp/></highlight><highlight class="stringliteral">&quot;<sp/>&quot;</highlight><highlight class="normal"><sp/>+<sp/><ref refid="class_t_m_s_main_window_1_1_contract_1a3fbc3166d4f1a1e99efc3f4068afe967" kindref="member">Name</ref><sp/>+<sp/></highlight><highlight class="stringliteral">&quot;<sp/>&quot;</highlight><highlight class="normal"><sp/>+<sp/><ref refid="class_t_m_s_main_window_1_1_contract_1a47c06fbf639da7ae54367d23239c12d9" kindref="member">JobType</ref><sp/>+<sp/></highlight><highlight class="stringliteral">&quot;<sp/>&quot;</highlight><highlight class="normal"><sp/>+<sp/><ref refid="class_t_m_s_main_window_1_1_contract_1a5078d194297643b1ecf86d20d2e5c1a7" kindref="member">Quantity</ref><sp/>+<sp/></highlight><highlight class="stringliteral">&quot;<sp/>&quot;</highlight><highlight class="normal"><sp/>+<sp/><ref refid="class_t_m_s_main_window_1_1_contract_1a04e3405f5a7964dcaa4da821d6d27631" kindref="member">Origin</ref><sp/>+<sp/></highlight><highlight class="stringliteral">&quot;<sp/>&quot;</highlight><highlight class="normal"><sp/>+<sp/><ref refid="class_t_m_s_main_window_1_1_contract_1a8b820da859b813758ad956795f875dc7" kindref="member">Destination</ref><sp/>+<sp/></highlight><highlight class="stringliteral">&quot;<sp/>&quot;</highlight><highlight class="normal"><sp/>+<sp/><ref refid="class_t_m_s_main_window_1_1_contract_1acb6cf164681cfcd7d5dd6937f1ddccb8" kindref="member">VanType</ref>);</highlight></codeline>
<codeline lineno="55"><highlight class="normal"><sp/><sp/><sp/><sp/><sp/><sp/><sp/><sp/>}</highlight></codeline>
<codeline lineno="56"><highlight class="normal"><sp/><sp/><sp/><sp/>}</highlight></codeline>
<codeline lineno="57"><highlight class="normal">}</highlight></codeline>
    </programlisting>
    <location file="Contract.cs"/>
  </compounddef>
</doxygen>
