<?xml version='1.0' encoding='UTF-8' standalone='no'?>
<doxygen xmlns:xsi="http://www.w3.org/2001/XMLSchema-instance" xsi:noNamespaceSchemaLocation="compound.xsd" version="1.9.2" xml:lang="en-US">
  <compounddef id="_order_8cs" kind="file" language="C#">
    <compoundname>Order.cs</compoundname>
    <innerclass refid="class_t_m_s_main_window_1_1_order" prot="public">TMSMainWindow::Order</innerclass>
    <innernamespace refid="namespace_t_m_s_main_window">TMSMainWindow</innernamespace>
    <briefdescription>
    </briefdescription>
    <detaileddescription>
    </detaileddescription>
    <programlisting>
<codeline lineno="1"><highlight class="keyword">using</highlight><highlight class="normal"><sp/>System;</highlight></codeline>
<codeline lineno="2"><highlight class="normal"></highlight><highlight class="keyword">using</highlight><highlight class="normal"><sp/>System.Collections.Generic;</highlight></codeline>
<codeline lineno="3"><highlight class="normal"></highlight><highlight class="keyword">using</highlight><highlight class="normal"><sp/>System.Linq;</highlight></codeline>
<codeline lineno="4"><highlight class="normal"></highlight><highlight class="keyword">using</highlight><highlight class="normal"><sp/>System.Text;</highlight></codeline>
<codeline lineno="5"><highlight class="normal"></highlight><highlight class="keyword">using</highlight><highlight class="normal"><sp/>System.Threading.Tasks;</highlight></codeline>
<codeline lineno="6"><highlight class="normal"></highlight><highlight class="keyword">using</highlight><highlight class="normal"><sp/>System.Configuration;</highlight></codeline>
<codeline lineno="7"><highlight class="normal"></highlight></codeline>
<codeline lineno="8"><highlight class="normal"></highlight><highlight class="keyword">namespace<sp/></highlight><highlight class="normal"><ref refid="namespace_t_m_s_main_window" kindref="compound">TMSMainWindow</ref></highlight></codeline>
<codeline lineno="9"><highlight class="normal">{</highlight></codeline>
<codeline lineno="17" refid="class_t_m_s_main_window_1_1_order" refkind="compound"><highlight class="normal"><sp/><sp/><sp/><sp/></highlight><highlight class="keyword">public</highlight><highlight class="normal"><sp/></highlight><highlight class="keyword">class<sp/></highlight><highlight class="normal"><ref refid="class_t_m_s_main_window_1_1_order" kindref="compound">Order</ref></highlight></codeline>
<codeline lineno="18"><highlight class="normal"><sp/><sp/><sp/><sp/>{</highlight></codeline>
<codeline lineno="19"><highlight class="normal"><sp/><sp/><sp/><sp/><sp/><sp/><sp/><sp/></highlight><highlight class="keyword">public</highlight><highlight class="normal"><sp/></highlight><highlight class="keywordtype">int</highlight><highlight class="normal"><sp/><ref refid="class_t_m_s_main_window_1_1_order_1a3c92f14fcbafdc0ac910c3ea5514524b" kindref="member">Id</ref><sp/>{<sp/></highlight><highlight class="keyword">get</highlight><highlight class="normal">;<sp/></highlight><highlight class="keyword">set</highlight><highlight class="normal">;<sp/>}<sp/></highlight></codeline>
<codeline lineno="20"><highlight class="normal"><sp/><sp/><sp/><sp/><sp/><sp/><sp/><sp/></highlight><highlight class="keyword">public</highlight><highlight class="normal"><sp/></highlight><highlight class="keywordtype">int</highlight><highlight class="normal"><sp/><ref refid="class_t_m_s_main_window_1_1_order_1a26ad20ae4b80bc549fcfa2b4f80ae254" kindref="member">CustomerID</ref><sp/>{<sp/></highlight><highlight class="keyword">get</highlight><highlight class="normal">;<sp/></highlight><highlight class="keyword">set</highlight><highlight class="normal">;<sp/>}<sp/></highlight></codeline>
<codeline lineno="21"><highlight class="normal"><sp/><sp/><sp/><sp/><sp/><sp/><sp/><sp/></highlight><highlight class="keyword">public</highlight><highlight class="normal"><sp/></highlight><highlight class="keywordtype">string</highlight><highlight class="normal"><sp/><ref refid="class_t_m_s_main_window_1_1_order_1ac5f9c2c262b60d61dde833c668649b36" kindref="member">CustomerName</ref><sp/>{<sp/></highlight><highlight class="keyword">get</highlight><highlight class="normal">;<sp/></highlight><highlight class="keyword">set</highlight><highlight class="normal">;<sp/>}<sp/></highlight></codeline>
<codeline lineno="22"><highlight class="normal"><sp/><sp/><sp/><sp/><sp/><sp/><sp/><sp/></highlight><highlight class="keyword">public</highlight><highlight class="normal"><sp/></highlight><highlight class="keywordtype">int</highlight><highlight class="normal"><sp/><ref refid="class_t_m_s_main_window_1_1_order_1aaa4642f331622e6690ab78a04b6dfd8e" kindref="member">JobType</ref><sp/>{<sp/></highlight><highlight class="keyword">get</highlight><highlight class="normal">;<sp/></highlight><highlight class="keyword">set</highlight><highlight class="normal">;<sp/>}<sp/></highlight></codeline>
<codeline lineno="23"><highlight class="normal"><sp/><sp/><sp/><sp/><sp/><sp/><sp/><sp/></highlight><highlight class="keyword">public</highlight><highlight class="normal"><sp/></highlight><highlight class="keywordtype">int</highlight><highlight class="normal"><sp/><ref refid="class_t_m_s_main_window_1_1_order_1a4e752af83a43a722d46c2ea223f6438c" kindref="member">vanType</ref><sp/>{<sp/></highlight><highlight class="keyword">get</highlight><highlight class="normal">;<sp/></highlight><highlight class="keyword">set</highlight><highlight class="normal">;<sp/>}<sp/></highlight></codeline>
<codeline lineno="24"><highlight class="normal"><sp/><sp/><sp/><sp/><sp/><sp/><sp/><sp/></highlight><highlight class="keyword">public</highlight><highlight class="normal"><sp/></highlight><highlight class="keywordtype">float</highlight><highlight class="normal"><sp/><ref refid="class_t_m_s_main_window_1_1_order_1ac6c64dc070ffbfc406fd614d19f17343" kindref="member">TotalCost</ref><sp/>{<sp/></highlight><highlight class="keyword">get</highlight><highlight class="normal">;<sp/></highlight><highlight class="keyword">set</highlight><highlight class="normal">;<sp/>}<sp/></highlight></codeline>
<codeline lineno="25"><highlight class="normal"><sp/><sp/><sp/><sp/><sp/><sp/><sp/><sp/></highlight><highlight class="keyword">public</highlight><highlight class="normal"><sp/></highlight><highlight class="keywordtype">string</highlight><highlight class="normal"><sp/><ref refid="class_t_m_s_main_window_1_1_order_1a814cfd21e69f588c282d00e5238c6851" kindref="member">OriginCity</ref><sp/>{<sp/></highlight><highlight class="keyword">get</highlight><highlight class="normal">;<sp/></highlight><highlight class="keyword">set</highlight><highlight class="normal">;<sp/>}<sp/></highlight></codeline>
<codeline lineno="26"><highlight class="normal"><sp/><sp/><sp/><sp/><sp/><sp/><sp/><sp/></highlight><highlight class="keyword">public</highlight><highlight class="normal"><sp/></highlight><highlight class="keywordtype">string</highlight><highlight class="normal"><sp/><ref refid="class_t_m_s_main_window_1_1_order_1aa69bedf62cb93d4e3004ac599369e049" kindref="member">DestinationCity</ref><sp/>{<sp/></highlight><highlight class="keyword">get</highlight><highlight class="normal">;<sp/></highlight><highlight class="keyword">set</highlight><highlight class="normal">;<sp/>}<sp/></highlight></codeline>
<codeline lineno="27"><highlight class="normal"><sp/><sp/><sp/><sp/><sp/><sp/><sp/><sp/></highlight><highlight class="keyword">public</highlight><highlight class="normal"><sp/></highlight><highlight class="keywordtype">float</highlight><highlight class="normal"><sp/><ref refid="class_t_m_s_main_window_1_1_order_1a37ee77db72ca99e7b2a3bb0e56064251" kindref="member">TotalHours</ref><sp/>{<sp/></highlight><highlight class="keyword">get</highlight><highlight class="normal">;<sp/></highlight><highlight class="keyword">set</highlight><highlight class="normal">;<sp/>}<sp/></highlight></codeline>
<codeline lineno="28"><highlight class="normal"><sp/><sp/><sp/><sp/><sp/><sp/><sp/><sp/></highlight><highlight class="keyword">public</highlight><highlight class="normal"><sp/></highlight><highlight class="keywordtype">float</highlight><highlight class="normal"><sp/><ref refid="class_t_m_s_main_window_1_1_order_1a24e55d20d69c3877e576cee680bcb6f0" kindref="member">TotalKms</ref><sp/>{<sp/></highlight><highlight class="keyword">get</highlight><highlight class="normal">;<sp/></highlight><highlight class="keyword">set</highlight><highlight class="normal">;<sp/>}<sp/></highlight></codeline>
<codeline lineno="29"><highlight class="normal"><sp/><sp/><sp/><sp/><sp/><sp/><sp/><sp/></highlight><highlight class="keyword">public</highlight><highlight class="normal"><sp/></highlight><highlight class="keywordtype">float</highlight><highlight class="normal"><sp/><ref refid="class_t_m_s_main_window_1_1_order_1a153a6b7e574090419e677630bc44d862" kindref="member">Surcharge</ref><sp/>{<sp/></highlight><highlight class="keyword">get</highlight><highlight class="normal">;<sp/></highlight><highlight class="keyword">set</highlight><highlight class="normal">;<sp/>}<sp/></highlight></codeline>
<codeline lineno="30"><highlight class="normal"><sp/><sp/><sp/><sp/><sp/><sp/><sp/><sp/></highlight><highlight class="keyword">public</highlight><highlight class="normal"><sp/></highlight><highlight class="keywordtype">float</highlight><highlight class="normal"><sp/><ref refid="class_t_m_s_main_window_1_1_order_1acd02a464d61ddec615dd67992aa64025" kindref="member">Markup</ref><sp/>{<sp/></highlight><highlight class="keyword">get</highlight><highlight class="normal">;<sp/></highlight><highlight class="keyword">set</highlight><highlight class="normal">;<sp/>}<sp/></highlight></codeline>
<codeline lineno="31"><highlight class="normal"><sp/><sp/><sp/><sp/><sp/><sp/><sp/><sp/></highlight><highlight class="keyword">public</highlight><highlight class="normal"><sp/></highlight><highlight class="keywordtype">int</highlight><highlight class="normal"><sp/><ref refid="class_t_m_s_main_window_1_1_order_1a5f68c1ce23d6de9227324af123bebd9d" kindref="member">Confirmed</ref><sp/>{<sp/></highlight><highlight class="keyword">get</highlight><highlight class="normal">;<sp/></highlight><highlight class="keyword">set</highlight><highlight class="normal">;<sp/>}<sp/></highlight></codeline>
<codeline lineno="32"><highlight class="normal"><sp/><sp/><sp/><sp/><sp/><sp/><sp/><sp/></highlight><highlight class="keyword">public</highlight><highlight class="normal"><sp/>DateTime<sp/><ref refid="class_t_m_s_main_window_1_1_order_1a774480dd6d2b84f80f7c18537260ad75" kindref="member">date</ref><sp/>{<sp/></highlight><highlight class="keyword">get</highlight><highlight class="normal">;<sp/></highlight><highlight class="keyword">set</highlight><highlight class="normal">;<sp/>}<sp/></highlight></codeline>
<codeline lineno="33"><highlight class="normal"></highlight></codeline>
<codeline lineno="34"><highlight class="normal"><sp/><sp/><sp/><sp/><sp/><sp/><sp/><sp/></highlight><highlight class="keyword">public</highlight><highlight class="normal"><sp/>List&lt;Trip&gt;<sp/><ref refid="class_t_m_s_main_window_1_1_order_1a68f74b62f895ba35619c11bb6dbe869d" kindref="member">tripList</ref><sp/>=<sp/></highlight><highlight class="keyword">new</highlight><highlight class="normal"><sp/>List&lt;Trip&gt;();<sp/></highlight></codeline>
<codeline lineno="35"><highlight class="normal"></highlight></codeline>
<codeline lineno="36"><highlight class="normal"></highlight></codeline>
<codeline lineno="41"><highlight class="normal"></highlight></codeline>
<codeline lineno="42"><highlight class="normal"></highlight><highlight class="keyword">public</highlight><highlight class="normal"><sp/><ref refid="class_t_m_s_main_window_1_1_order_1a5d2feca871caca7faf8737f317dcbc19" kindref="member">Order</ref>(</highlight><highlight class="keywordtype">string</highlight><highlight class="normal"><sp/>customerName,<sp/></highlight><highlight class="keywordtype">string</highlight><highlight class="normal"><sp/>originCity,<sp/></highlight><highlight class="keywordtype">string</highlight><highlight class="normal"><sp/>destinationCity,<sp/></highlight><highlight class="keywordtype">int</highlight><highlight class="normal"><sp/>jobType,<sp/></highlight><highlight class="keywordtype">int</highlight><highlight class="normal"><sp/><ref refid="class_t_m_s_main_window_1_1_order_1a4e752af83a43a722d46c2ea223f6438c" kindref="member">vanType</ref>)</highlight></codeline>
<codeline lineno="43"><highlight class="normal">{</highlight></codeline>
<codeline lineno="44"><highlight class="normal"><sp/><sp/><sp/><sp/>this.<ref refid="class_t_m_s_main_window_1_1_order_1ac5f9c2c262b60d61dde833c668649b36" kindref="member">CustomerName</ref><sp/>=<sp/>customerName;</highlight></codeline>
<codeline lineno="45"><highlight class="normal"><sp/><sp/><sp/><sp/>this.<ref refid="class_t_m_s_main_window_1_1_order_1a814cfd21e69f588c282d00e5238c6851" kindref="member">OriginCity</ref><sp/>=<sp/>originCity;</highlight></codeline>
<codeline lineno="46"><highlight class="normal"><sp/><sp/><sp/><sp/>this.<ref refid="class_t_m_s_main_window_1_1_order_1aa69bedf62cb93d4e3004ac599369e049" kindref="member">DestinationCity</ref><sp/>=<sp/>destinationCity;</highlight></codeline>
<codeline lineno="47"><highlight class="normal"><sp/><sp/><sp/><sp/>this.<ref refid="class_t_m_s_main_window_1_1_order_1aaa4642f331622e6690ab78a04b6dfd8e" kindref="member">JobType</ref><sp/>=<sp/>jobType;</highlight></codeline>
<codeline lineno="48"><highlight class="normal"><sp/><sp/><sp/><sp/>this.vanType<sp/>=<sp/><ref refid="class_t_m_s_main_window_1_1_order_1a4e752af83a43a722d46c2ea223f6438c" kindref="member">vanType</ref>;</highlight></codeline>
<codeline lineno="49"><highlight class="normal"><sp/><sp/><sp/><sp/>this.<ref refid="class_t_m_s_main_window_1_1_order_1a5f68c1ce23d6de9227324af123bebd9d" kindref="member">Confirmed</ref><sp/>=<sp/>0;</highlight></codeline>
<codeline lineno="50"><highlight class="normal">}</highlight></codeline>
<codeline lineno="51"><highlight class="normal"></highlight></codeline>
<codeline lineno="59"><highlight class="keyword">public</highlight><highlight class="normal"><sp/></highlight><highlight class="keyword">override</highlight><highlight class="normal"><sp/></highlight><highlight class="keywordtype">string</highlight><highlight class="normal"><sp/><ref refid="class_t_m_s_main_window_1_1_order_1a8b9252bb8bb00ce34f444503a6847a8d" kindref="member">ToString</ref>()</highlight></codeline>
<codeline lineno="60"><highlight class="normal">{</highlight></codeline>
<codeline lineno="61"><highlight class="normal"><sp/><sp/><sp/><sp/></highlight><highlight class="keywordflow">return</highlight><highlight class="normal"><sp/>String.Format(<ref refid="class_t_m_s_main_window_1_1_order_1a3c92f14fcbafdc0ac910c3ea5514524b" kindref="member">Id</ref><sp/>+<sp/></highlight><highlight class="stringliteral">&quot;<sp/>&quot;</highlight><highlight class="normal"><sp/>+<sp/><ref refid="class_t_m_s_main_window_1_1_order_1ac5f9c2c262b60d61dde833c668649b36" kindref="member">CustomerName</ref><sp/>+<sp/></highlight><highlight class="stringliteral">&quot;<sp/>&quot;</highlight><highlight class="normal"><sp/>+<sp/><ref refid="class_t_m_s_main_window_1_1_order_1a814cfd21e69f588c282d00e5238c6851" kindref="member">OriginCity</ref><sp/>+<sp/></highlight><highlight class="stringliteral">&quot;<sp/>&quot;</highlight><highlight class="normal"><sp/>+<sp/><ref refid="class_t_m_s_main_window_1_1_order_1aa69bedf62cb93d4e3004ac599369e049" kindref="member">DestinationCity</ref><sp/>+<sp/></highlight><highlight class="stringliteral">&quot;<sp/>&quot;</highlight><highlight class="normal"><sp/>+<sp/><ref refid="class_t_m_s_main_window_1_1_order_1aaa4642f331622e6690ab78a04b6dfd8e" kindref="member">JobType</ref>);</highlight></codeline>
<codeline lineno="62"><highlight class="normal">}</highlight></codeline>
<codeline lineno="63"><highlight class="normal"></highlight></codeline>
<codeline lineno="73"><highlight class="keyword">public</highlight><highlight class="normal"><sp/></highlight><highlight class="keywordtype">void</highlight><highlight class="normal"><sp/><ref refid="class_t_m_s_main_window_1_1_order_1a24ffee555987b9f69ce3c20ffa13cfa5" kindref="member">CalcTotalHours</ref>(</highlight><highlight class="keywordtype">int</highlight><highlight class="normal"><sp/>orderID)</highlight></codeline>
<codeline lineno="74"><highlight class="normal">{</highlight></codeline>
<codeline lineno="75"><highlight class="normal"></highlight></codeline>
<codeline lineno="76"><highlight class="normal"><sp/><sp/><sp/><sp/></highlight><highlight class="keywordtype">float</highlight><highlight class="normal"><sp/>totalHours<sp/>=<sp/>0;</highlight></codeline>
<codeline lineno="77"><highlight class="normal"><sp/><sp/><sp/><sp/></highlight><highlight class="keywordtype">float</highlight><highlight class="normal"><sp/>totalKms<sp/>=<sp/>0;</highlight></codeline>
<codeline lineno="78"><highlight class="normal"><sp/><sp/><sp/><sp/>List&lt;Trip&gt;<sp/><ref refid="class_t_m_s_main_window_1_1_order_1a68f74b62f895ba35619c11bb6dbe869d" kindref="member">tripList</ref><sp/>=<sp/></highlight><highlight class="keyword">new</highlight><highlight class="normal"><sp/>List&lt;Trip&gt;();</highlight></codeline>
<codeline lineno="79"><highlight class="normal"><sp/><sp/><sp/><sp/><ref refid="class_t_m_s_main_window_1_1_comm_t_m_s" kindref="compound">CommTMS</ref><sp/>nTMS<sp/>=<sp/></highlight><highlight class="keyword">new</highlight><highlight class="normal"><sp/><ref refid="class_t_m_s_main_window_1_1_comm_t_m_s" kindref="compound">CommTMS</ref>(ConfigurationManager.AppSettings.Get(</highlight><highlight class="stringliteral">&quot;localUser&quot;</highlight><highlight class="normal">),</highlight></codeline>
<codeline lineno="80"><highlight class="normal"><sp/><sp/><sp/><sp/><sp/><sp/><sp/><sp/><sp/><sp/><sp/><sp/><sp/><sp/><sp/><sp/><sp/><sp/><sp/><sp/>ConfigurationManager.AppSettings.Get(</highlight><highlight class="stringliteral">&quot;localPass&quot;</highlight><highlight class="normal">),</highlight></codeline>
<codeline lineno="81"><highlight class="normal"><sp/><sp/><sp/><sp/><sp/><sp/><sp/><sp/><sp/><sp/><sp/><sp/><sp/><sp/><sp/><sp/><sp/><sp/><sp/><sp/>ConfigurationManager.AppSettings.Get(</highlight><highlight class="stringliteral">&quot;localIP&quot;</highlight><highlight class="normal">),</highlight></codeline>
<codeline lineno="82"><highlight class="normal"><sp/><sp/><sp/><sp/><sp/><sp/><sp/><sp/><sp/><sp/><sp/><sp/><sp/><sp/><sp/><sp/><sp/><sp/><sp/><sp/>Int32.Parse(ConfigurationManager.AppSettings.Get(</highlight><highlight class="stringliteral">&quot;localPort&quot;</highlight><highlight class="normal">)),</highlight></codeline>
<codeline lineno="83"><highlight class="normal"><sp/><sp/><sp/><sp/><sp/><sp/><sp/><sp/><sp/><sp/><sp/><sp/><sp/><sp/><sp/><sp/><sp/><sp/><sp/><sp/>ConfigurationManager.AppSettings.Get(</highlight><highlight class="stringliteral">&quot;localDb&quot;</highlight><highlight class="normal">));</highlight></codeline>
<codeline lineno="84"><highlight class="normal"></highlight></codeline>
<codeline lineno="85"><highlight class="normal"><sp/><sp/><sp/><sp/><ref refid="class_t_m_s_main_window_1_1_order_1a68f74b62f895ba35619c11bb6dbe869d" kindref="member">tripList</ref><sp/>=<sp/>nTMS.<ref refid="class_t_m_s_main_window_1_1_comm_t_m_s_1a54ff7f8e6f0500373545f79cc9a732b5" kindref="member">ListOfTrips</ref>(orderID);</highlight></codeline>
<codeline lineno="86"><highlight class="normal"></highlight></codeline>
<codeline lineno="87"><highlight class="normal"><sp/><sp/><sp/><sp/></highlight><highlight class="keywordflow">foreach</highlight><highlight class="normal"><sp/>(<ref refid="class_t_m_s_main_window_1_1_trip" kindref="compound">Trip</ref><sp/>trip<sp/></highlight><highlight class="keywordflow">in</highlight><highlight class="normal"><sp/><ref refid="class_t_m_s_main_window_1_1_order_1a68f74b62f895ba35619c11bb6dbe869d" kindref="member">tripList</ref>)</highlight></codeline>
<codeline lineno="88"><highlight class="normal"><sp/><sp/><sp/><sp/>{</highlight></codeline>
<codeline lineno="89"><highlight class="normal"><sp/><sp/><sp/><sp/><sp/><sp/><sp/><sp/>totalHours<sp/>+=<sp/>trip.<ref refid="class_t_m_s_main_window_1_1_trip_1a27b7a209549170cbe69ebc101d180b11" kindref="member">Hours</ref>;</highlight></codeline>
<codeline lineno="90"><highlight class="normal"><sp/><sp/><sp/><sp/><sp/><sp/><sp/><sp/>totalHours<sp/>+=<sp/>trip.<ref refid="class_t_m_s_main_window_1_1_trip_1a22bd16abf0d799a578a0d8a064723984" kindref="member">Kilometers</ref>;</highlight></codeline>
<codeline lineno="91"><highlight class="normal"><sp/><sp/><sp/><sp/>}</highlight></codeline>
<codeline lineno="92"><highlight class="normal"><sp/><sp/><sp/><sp/>this.<ref refid="class_t_m_s_main_window_1_1_order_1a37ee77db72ca99e7b2a3bb0e56064251" kindref="member">TotalHours</ref><sp/>=<sp/>totalHours;</highlight></codeline>
<codeline lineno="93"><highlight class="normal"><sp/><sp/><sp/><sp/>this.<ref refid="class_t_m_s_main_window_1_1_order_1a24e55d20d69c3877e576cee680bcb6f0" kindref="member">TotalKms</ref><sp/>=<sp/>totalKms;</highlight></codeline>
<codeline lineno="94"><highlight class="normal">}</highlight></codeline>
<codeline lineno="95"><highlight class="normal">}</highlight></codeline>
<codeline lineno="96"><highlight class="normal">}</highlight></codeline>
    </programlisting>
    <location file="Order.cs"/>
  </compounddef>
</doxygen>
