<?xml version='1.0' encoding='UTF-8' standalone='no'?>
<doxygen xmlns:xsi="http://www.w3.org/2001/XMLSchema-instance" xsi:noNamespaceSchemaLocation="compound.xsd" version="1.9.2" xml:lang="en-US">
  <compounddef id="_t_m_s_main_page_8h" kind="file" language="C++">
    <compoundname>TMSMainPage.h</compoundname>
    <briefdescription>
    </briefdescription>
    <detaileddescription>
    </detaileddescription>
    <programlisting>
<codeline lineno="1"></codeline>
<codeline lineno="27"></codeline>
    </programlisting>
    <location file="TMSMainPage.h"/>
  </compounddef>
</doxygen>
