<?xml version='1.0' encoding='UTF-8' standalone='no'?>
<doxygen xmlns:xsi="http://www.w3.org/2001/XMLSchema-instance" xsi:noNamespaceSchemaLocation="compound.xsd" version="1.9.2" xml:lang="en-US">
  <compounddef id="class_t_m_s_main_window_1_1_app" kind="class" language="C#" prot="public">
    <compoundname>TMSMainWindow::App</compoundname>
    <basecompoundref prot="public" virt="non-virtual">Application</basecompoundref>
    <briefdescription>
<para>Interaction logic for App.xaml </para>
    </briefdescription>
    <detaileddescription>
    </detaileddescription>
    <inheritancegraph>
      <node id="2">
        <label>Application</label>
      </node>
      <node id="1">
        <label>TMSMainWindow.App</label>
        <link refid="class_t_m_s_main_window_1_1_app"/>
        <childnode refid="2" relation="public-inheritance">
        </childnode>
      </node>
    </inheritancegraph>
    <collaborationgraph>
      <node id="2">
        <label>Application</label>
      </node>
      <node id="1">
        <label>TMSMainWindow.App</label>
        <link refid="class_t_m_s_main_window_1_1_app"/>
        <childnode refid="2" relation="public-inheritance">
        </childnode>
      </node>
    </collaborationgraph>
    <location file="App.xaml.cs" line="14" column="19" bodyfile="App.xaml.cs" bodystart="15" bodyend="16"/>
    <listofallmembers>
    </listofallmembers>
  </compounddef>
</doxygen>
