<?xml version='1.0' encoding='UTF-8' standalone='no'?>
<doxygen xmlns:xsi="http://www.w3.org/2001/XMLSchema-instance" xsi:noNamespaceSchemaLocation="compound.xsd" version="1.9.2" xml:lang="en-US">
  <compounddef id="class_t_m_s_main_window_1_1_order" kind="class" language="C#" prot="public">
    <compoundname>TMSMainWindow::Order</compoundname>
      <sectiondef kind="property">
      <memberdef kind="property" id="class_t_m_s_main_window_1_1_order_1a3c92f14fcbafdc0ac910c3ea5514524b" prot="public" static="no" readable="no" writable="no" gettable="yes" privategettable="no" protectedgettable="no" settable="yes" privatesettable="no" protectedsettable="no">
        <type>int</type>
        <definition>int TMSMainWindow.Order.Id</definition>
        <argsstring></argsstring>
        <name>Id</name>
        <briefdescription>
<para>/The order ID </para>
        </briefdescription>
        <detaileddescription>
        </detaileddescription>
        <inbodydescription>
        </inbodydescription>
        <location file="Order.cs" line="19" column="20" bodyfile="Order.cs" bodystart="19" bodyend="19"/>
      </memberdef>
      <memberdef kind="property" id="class_t_m_s_main_window_1_1_order_1a26ad20ae4b80bc549fcfa2b4f80ae254" prot="public" static="no" readable="no" writable="no" gettable="yes" privategettable="no" protectedgettable="no" settable="yes" privatesettable="no" protectedsettable="no">
        <type>int</type>
        <definition>int TMSMainWindow.Order.CustomerID</definition>
        <argsstring></argsstring>
        <name>CustomerID</name>
        <briefdescription>
<para>/The customer associated with the order </para>
        </briefdescription>
        <detaileddescription>
        </detaileddescription>
        <inbodydescription>
        </inbodydescription>
        <location file="Order.cs" line="20" column="20" bodyfile="Order.cs" bodystart="20" bodyend="20"/>
      </memberdef>
      <memberdef kind="property" id="class_t_m_s_main_window_1_1_order_1ac5f9c2c262b60d61dde833c668649b36" prot="public" static="no" readable="no" writable="no" gettable="yes" privategettable="no" protectedgettable="no" settable="yes" privatesettable="no" protectedsettable="no">
        <type>string</type>
        <definition>string TMSMainWindow.Order.CustomerName</definition>
        <argsstring></argsstring>
        <name>CustomerName</name>
        <briefdescription>
<para>/The name of the customer </para>
        </briefdescription>
        <detaileddescription>
        </detaileddescription>
        <inbodydescription>
        </inbodydescription>
        <location file="Order.cs" line="21" column="23" bodyfile="Order.cs" bodystart="21" bodyend="21"/>
      </memberdef>
      <memberdef kind="property" id="class_t_m_s_main_window_1_1_order_1aaa4642f331622e6690ab78a04b6dfd8e" prot="public" static="no" readable="no" writable="no" gettable="yes" privategettable="no" protectedgettable="no" settable="yes" privatesettable="no" protectedsettable="no">
        <type>int</type>
        <definition>int TMSMainWindow.Order.JobType</definition>
        <argsstring></argsstring>
        <name>JobType</name>
        <briefdescription>
<para>/Type of job </para>
        </briefdescription>
        <detaileddescription>
        </detaileddescription>
        <inbodydescription>
        </inbodydescription>
        <location file="Order.cs" line="22" column="20" bodyfile="Order.cs" bodystart="22" bodyend="22"/>
      </memberdef>
      <memberdef kind="property" id="class_t_m_s_main_window_1_1_order_1a4e752af83a43a722d46c2ea223f6438c" prot="public" static="no" readable="no" writable="no" gettable="yes" privategettable="no" protectedgettable="no" settable="yes" privatesettable="no" protectedsettable="no">
        <type>int</type>
        <definition>int TMSMainWindow.Order.vanType</definition>
        <argsstring></argsstring>
        <name>vanType</name>
        <briefdescription>
<para>/LTL or FTL </para>
        </briefdescription>
        <detaileddescription>
        </detaileddescription>
        <inbodydescription>
        </inbodydescription>
        <location file="Order.cs" line="23" column="20" bodyfile="Order.cs" bodystart="23" bodyend="23"/>
      </memberdef>
      <memberdef kind="property" id="class_t_m_s_main_window_1_1_order_1ac6c64dc070ffbfc406fd614d19f17343" prot="public" static="no" readable="no" writable="no" gettable="yes" privategettable="no" protectedgettable="no" settable="yes" privatesettable="no" protectedsettable="no">
        <type>float</type>
        <definition>float TMSMainWindow.Order.TotalCost</definition>
        <argsstring></argsstring>
        <name>TotalCost</name>
        <briefdescription>
<para>/The cost of this order </para>
        </briefdescription>
        <detaileddescription>
        </detaileddescription>
        <inbodydescription>
        </inbodydescription>
        <location file="Order.cs" line="24" column="22" bodyfile="Order.cs" bodystart="24" bodyend="24"/>
      </memberdef>
      <memberdef kind="property" id="class_t_m_s_main_window_1_1_order_1a814cfd21e69f588c282d00e5238c6851" prot="public" static="no" readable="no" writable="no" gettable="yes" privategettable="no" protectedgettable="no" settable="yes" privatesettable="no" protectedsettable="no">
        <type>string</type>
        <definition>string TMSMainWindow.Order.OriginCity</definition>
        <argsstring></argsstring>
        <name>OriginCity</name>
        <briefdescription>
<para>/Originating city </para>
        </briefdescription>
        <detaileddescription>
        </detaileddescription>
        <inbodydescription>
        </inbodydescription>
        <location file="Order.cs" line="25" column="23" bodyfile="Order.cs" bodystart="25" bodyend="25"/>
      </memberdef>
      <memberdef kind="property" id="class_t_m_s_main_window_1_1_order_1aa69bedf62cb93d4e3004ac599369e049" prot="public" static="no" readable="no" writable="no" gettable="yes" privategettable="no" protectedgettable="no" settable="yes" privatesettable="no" protectedsettable="no">
        <type>string</type>
        <definition>string TMSMainWindow.Order.DestinationCity</definition>
        <argsstring></argsstring>
        <name>DestinationCity</name>
        <briefdescription>
<para>/Final city </para>
        </briefdescription>
        <detaileddescription>
        </detaileddescription>
        <inbodydescription>
        </inbodydescription>
        <location file="Order.cs" line="26" column="23" bodyfile="Order.cs" bodystart="26" bodyend="26"/>
      </memberdef>
      <memberdef kind="property" id="class_t_m_s_main_window_1_1_order_1a37ee77db72ca99e7b2a3bb0e56064251" prot="public" static="no" readable="no" writable="no" gettable="yes" privategettable="no" protectedgettable="no" settable="yes" privatesettable="no" protectedsettable="no">
        <type>float</type>
        <definition>float TMSMainWindow.Order.TotalHours</definition>
        <argsstring></argsstring>
        <name>TotalHours</name>
        <briefdescription>
<para>/The hours driven for the order </para>
        </briefdescription>
        <detaileddescription>
        </detaileddescription>
        <inbodydescription>
        </inbodydescription>
        <location file="Order.cs" line="27" column="22" bodyfile="Order.cs" bodystart="27" bodyend="27"/>
      </memberdef>
      <memberdef kind="property" id="class_t_m_s_main_window_1_1_order_1a24e55d20d69c3877e576cee680bcb6f0" prot="public" static="no" readable="no" writable="no" gettable="yes" privategettable="no" protectedgettable="no" settable="yes" privatesettable="no" protectedsettable="no">
        <type>float</type>
        <definition>float TMSMainWindow.Order.TotalKms</definition>
        <argsstring></argsstring>
        <name>TotalKms</name>
        <briefdescription>
<para>/The kms driven for the order </para>
        </briefdescription>
        <detaileddescription>
        </detaileddescription>
        <inbodydescription>
        </inbodydescription>
        <location file="Order.cs" line="28" column="22" bodyfile="Order.cs" bodystart="28" bodyend="28"/>
      </memberdef>
      <memberdef kind="property" id="class_t_m_s_main_window_1_1_order_1a153a6b7e574090419e677630bc44d862" prot="public" static="no" readable="no" writable="no" gettable="yes" privategettable="no" protectedgettable="no" settable="yes" privatesettable="no" protectedsettable="no">
        <type>float</type>
        <definition>float TMSMainWindow.Order.Surcharge</definition>
        <argsstring></argsstring>
        <name>Surcharge</name>
        <briefdescription>
<para>/Our markup on this order </para>
        </briefdescription>
        <detaileddescription>
        </detaileddescription>
        <inbodydescription>
        </inbodydescription>
        <location file="Order.cs" line="29" column="22" bodyfile="Order.cs" bodystart="29" bodyend="29"/>
      </memberdef>
      <memberdef kind="property" id="class_t_m_s_main_window_1_1_order_1acd02a464d61ddec615dd67992aa64025" prot="public" static="no" readable="no" writable="no" gettable="yes" privategettable="no" protectedgettable="no" settable="yes" privatesettable="no" protectedsettable="no">
        <type>float</type>
        <definition>float TMSMainWindow.Order.Markup</definition>
        <argsstring></argsstring>
        <name>Markup</name>
        <briefdescription>
<para>/Markup % for this order </para>
        </briefdescription>
        <detaileddescription>
        </detaileddescription>
        <inbodydescription>
        </inbodydescription>
        <location file="Order.cs" line="30" column="22" bodyfile="Order.cs" bodystart="30" bodyend="30"/>
      </memberdef>
      <memberdef kind="property" id="class_t_m_s_main_window_1_1_order_1a5f68c1ce23d6de9227324af123bebd9d" prot="public" static="no" readable="no" writable="no" gettable="yes" privategettable="no" protectedgettable="no" settable="yes" privatesettable="no" protectedsettable="no">
        <type>int</type>
        <definition>int TMSMainWindow.Order.Confirmed</definition>
        <argsstring></argsstring>
        <name>Confirmed</name>
        <briefdescription>
<para>/Boolean indicating whether the order is confirmed </para>
        </briefdescription>
        <detaileddescription>
        </detaileddescription>
        <inbodydescription>
        </inbodydescription>
        <location file="Order.cs" line="31" column="20" bodyfile="Order.cs" bodystart="31" bodyend="31"/>
      </memberdef>
      <memberdef kind="property" id="class_t_m_s_main_window_1_1_order_1a774480dd6d2b84f80f7c18537260ad75" prot="public" static="no" readable="no" writable="no" gettable="yes" privategettable="no" protectedgettable="no" settable="yes" privatesettable="no" protectedsettable="no">
        <type>DateTime</type>
        <definition>DateTime TMSMainWindow.Order.date</definition>
        <argsstring></argsstring>
        <name>date</name>
        <briefdescription>
<para>Date/time of the order. </para>
        </briefdescription>
        <detaileddescription>
        </detaileddescription>
        <inbodydescription>
        </inbodydescription>
        <location file="Order.cs" line="32" column="25" bodyfile="Order.cs" bodystart="32" bodyend="32"/>
      </memberdef>
      </sectiondef>
      <sectiondef kind="public-attrib">
      <memberdef kind="variable" id="class_t_m_s_main_window_1_1_order_1a68f74b62f895ba35619c11bb6dbe869d" prot="public" static="no" mutable="no">
        <type>List&lt; <ref refid="class_t_m_s_main_window_1_1_trip" kindref="compound">Trip</ref> &gt;</type>
        <definition>List&lt;Trip&gt; TMSMainWindow.Order.tripList</definition>
        <argsstring></argsstring>
        <name>tripList</name>
        <initializer>= new List&lt;<ref refid="class_t_m_s_main_window_1_1_trip" kindref="compound">Trip</ref>&gt;()</initializer>
        <briefdescription>
<para>The name of the database. </para>
        </briefdescription>
        <detaileddescription>
        </detaileddescription>
        <inbodydescription>
        </inbodydescription>
        <location file="Order.cs" line="34" column="21" bodyfile="Order.cs" bodystart="34" bodyend="-1"/>
      </memberdef>
      </sectiondef>
      <sectiondef kind="public-func">
      <memberdef kind="function" id="class_t_m_s_main_window_1_1_order_1a5d2feca871caca7faf8737f317dcbc19" prot="public" static="no" const="no" explicit="no" inline="yes" virt="non-virtual">
        <type></type>
        <definition>TMSMainWindow.Order.Order</definition>
        <argsstring>(string customerName, string originCity, string destinationCity, int jobType, int vanType)</argsstring>
        <name>Order</name>
        <param>
          <type>string</type>
          <declname>customerName</declname>
        </param>
        <param>
          <type>string</type>
          <declname>originCity</declname>
        </param>
        <param>
          <type>string</type>
          <declname>destinationCity</declname>
        </param>
        <param>
          <type>int</type>
          <declname>jobType</declname>
        </param>
        <param>
          <type>int</type>
          <declname>vanType</declname>
        </param>
        <briefdescription>
<para>To instantiate a new <ref refid="class_t_m_s_main_window_1_1_order" kindref="compound">Order</ref> object. </para>
        </briefdescription>
        <detaileddescription>
<para><simplesect kind="return"><para>As this is a <emphasis>constructor&lt; / i&gt; for the <ref refid="class_t_m_s_main_window_1_1_communicate" kindref="compound">Communicate</ref> class, nothing is returned </emphasis></para>
</simplesect>
</para>
        </detaileddescription>
        <inbodydescription>
        </inbodydescription>
        <location file="Order.cs" line="42" column="8" bodyfile="Order.cs" bodystart="42" bodyend="50"/>
      </memberdef>
      <memberdef kind="function" id="class_t_m_s_main_window_1_1_order_1a8b9252bb8bb00ce34f444503a6847a8d" prot="public" static="no" const="no" explicit="no" inline="yes" virt="non-virtual">
        <type>override string</type>
        <definition>override string TMSMainWindow.Order.ToString</definition>
        <argsstring>()</argsstring>
        <name>ToString</name>
        <briefdescription>
<para>Changes an order&apos;s elements to a legible string. </para>
        </briefdescription>
        <detaileddescription>
<para><bold>Details</bold></para>
<para><parameterlist kind="param"><parameteritem>
<parameternamelist>
<parametername>N/A</parametername>
</parameternamelist>
<parameterdescription>
</parameterdescription>
</parameteritem>
</parameterlist>
<simplesect kind="return"><para>the elements of the order as a string </para>
</simplesect>
</para>
        </detaileddescription>
        <inbodydescription>
        </inbodydescription>
        <location file="Order.cs" line="59" column="24" bodyfile="Order.cs" bodystart="59" bodyend="62"/>
      </memberdef>
      <memberdef kind="function" id="class_t_m_s_main_window_1_1_order_1a24ffee555987b9f69ce3c20ffa13cfa5" prot="public" static="no" const="no" explicit="no" inline="yes" virt="non-virtual">
        <type>void</type>
        <definition>void TMSMainWindow.Order.CalcTotalHours</definition>
        <argsstring>(int orderID)</argsstring>
        <name>CalcTotalHours</name>
        <param>
          <type>int</type>
          <declname>orderID</declname>
        </param>
        <briefdescription>
<para>Calculates the hours of an order. </para>
        </briefdescription>
        <detaileddescription>
<para><bold>Details</bold> Connects to a database, and finds a given order using an orderID. The total hours of driving are calculated from all the trips within the order</para>
<para><parameterlist kind="param"><parameteritem>
<parameternamelist>
<parametername>(int)</parametername>
</parameternamelist>
<parameterdescription>
<para>orderID</para>
</parameterdescription>
</parameteritem>
</parameterlist>
<simplesect kind="return"><para>N/A </para>
</simplesect>
</para>
        </detaileddescription>
        <inbodydescription>
        </inbodydescription>
        <location file="Order.cs" line="73" column="13" bodyfile="Order.cs" bodystart="73" bodyend="94"/>
      </memberdef>
      </sectiondef>
    <briefdescription>
<para>The purpose of this class is to keep all the parts of an order together. </para>
    </briefdescription>
    <detaileddescription>
<para><simplesect kind="author"><para><emphasis>Ashley Ingle + Andrew Tudor + Will Schwetz + Taylor Trainor</emphasis> </para>
</simplesect>
</para>
    </detaileddescription>
    <location file="Order.cs" line="17" column="11" bodyfile="Order.cs" bodystart="18" bodyend="95"/>
    <listofallmembers>
      <member refid="class_t_m_s_main_window_1_1_order_1a24ffee555987b9f69ce3c20ffa13cfa5" prot="public" virt="non-virtual"><scope>TMSMainWindow::Order</scope><name>CalcTotalHours</name></member>
      <member refid="class_t_m_s_main_window_1_1_order_1a5f68c1ce23d6de9227324af123bebd9d" prot="public" virt="non-virtual"><scope>TMSMainWindow::Order</scope><name>Confirmed</name></member>
      <member refid="class_t_m_s_main_window_1_1_order_1a26ad20ae4b80bc549fcfa2b4f80ae254" prot="public" virt="non-virtual"><scope>TMSMainWindow::Order</scope><name>CustomerID</name></member>
      <member refid="class_t_m_s_main_window_1_1_order_1ac5f9c2c262b60d61dde833c668649b36" prot="public" virt="non-virtual"><scope>TMSMainWindow::Order</scope><name>CustomerName</name></member>
      <member refid="class_t_m_s_main_window_1_1_order_1a774480dd6d2b84f80f7c18537260ad75" prot="public" virt="non-virtual"><scope>TMSMainWindow::Order</scope><name>date</name></member>
      <member refid="class_t_m_s_main_window_1_1_order_1aa69bedf62cb93d4e3004ac599369e049" prot="public" virt="non-virtual"><scope>TMSMainWindow::Order</scope><name>DestinationCity</name></member>
      <member refid="class_t_m_s_main_window_1_1_order_1a3c92f14fcbafdc0ac910c3ea5514524b" prot="public" virt="non-virtual"><scope>TMSMainWindow::Order</scope><name>Id</name></member>
      <member refid="class_t_m_s_main_window_1_1_order_1aaa4642f331622e6690ab78a04b6dfd8e" prot="public" virt="non-virtual"><scope>TMSMainWindow::Order</scope><name>JobType</name></member>
      <member refid="class_t_m_s_main_window_1_1_order_1acd02a464d61ddec615dd67992aa64025" prot="public" virt="non-virtual"><scope>TMSMainWindow::Order</scope><name>Markup</name></member>
      <member refid="class_t_m_s_main_window_1_1_order_1a5d2feca871caca7faf8737f317dcbc19" prot="public" virt="non-virtual"><scope>TMSMainWindow::Order</scope><name>Order</name></member>
      <member refid="class_t_m_s_main_window_1_1_order_1a814cfd21e69f588c282d00e5238c6851" prot="public" virt="non-virtual"><scope>TMSMainWindow::Order</scope><name>OriginCity</name></member>
      <member refid="class_t_m_s_main_window_1_1_order_1a153a6b7e574090419e677630bc44d862" prot="public" virt="non-virtual"><scope>TMSMainWindow::Order</scope><name>Surcharge</name></member>
      <member refid="class_t_m_s_main_window_1_1_order_1a8b9252bb8bb00ce34f444503a6847a8d" prot="public" virt="non-virtual"><scope>TMSMainWindow::Order</scope><name>ToString</name></member>
      <member refid="class_t_m_s_main_window_1_1_order_1ac6c64dc070ffbfc406fd614d19f17343" prot="public" virt="non-virtual"><scope>TMSMainWindow::Order</scope><name>TotalCost</name></member>
      <member refid="class_t_m_s_main_window_1_1_order_1a37ee77db72ca99e7b2a3bb0e56064251" prot="public" virt="non-virtual"><scope>TMSMainWindow::Order</scope><name>TotalHours</name></member>
      <member refid="class_t_m_s_main_window_1_1_order_1a24e55d20d69c3877e576cee680bcb6f0" prot="public" virt="non-virtual"><scope>TMSMainWindow::Order</scope><name>TotalKms</name></member>
      <member refid="class_t_m_s_main_window_1_1_order_1a68f74b62f895ba35619c11bb6dbe869d" prot="public" virt="non-virtual"><scope>TMSMainWindow::Order</scope><name>tripList</name></member>
      <member refid="class_t_m_s_main_window_1_1_order_1a4e752af83a43a722d46c2ea223f6438c" prot="public" virt="non-virtual"><scope>TMSMainWindow::Order</scope><name>vanType</name></member>
    </listofallmembers>
  </compounddef>
</doxygen>
