<?xml version='1.0' encoding='UTF-8' standalone='no'?>
<doxygenindex xmlns:xsi="http://www.w3.org/2001/XMLSchema-instance" xsi:noNamespaceSchemaLocation="index.xsd" version="1.9.2" xml:lang="en-US">
  <compound refid="class_t_m_s_main_window_1_1_admin_main_window" kind="class"><name>TMSMainWindow::AdminMainWindow</name>
    <member refid="class_t_m_s_main_window_1_1_admin_main_window_1a1c623a25e413cc428f268f895465a17c" kind="variable"><name>nTMS</name></member>
    <member refid="class_t_m_s_main_window_1_1_admin_main_window_1ad9773b55fb89e2488fcecf9d6a9b65aa" kind="function"><name>AdminMainWindow</name></member>
    <member refid="class_t_m_s_main_window_1_1_admin_main_window_1a550b236c341a1377963b29ca3e772eec" kind="function"><name>ChangeLogFile</name></member>
  </compound>
  <compound refid="class_t_m_s_main_window_1_1_app" kind="class"><name>TMSMainWindow::App</name>
  </compound>
  <compound refid="class_t_m_s_main_window_1_1_buyer_main_window" kind="class"><name>TMSMainWindow::BuyerMainWindow</name>
    <member refid="class_t_m_s_main_window_1_1_buyer_main_window_1ab45dd7559d2b2a5c5eecbdd5f4bdfee6" kind="variable"><name>nTMS</name></member>
    <member refid="class_t_m_s_main_window_1_1_buyer_main_window_1a0371eea832a32d42d55a51b8a255ce78" kind="variable"><name>nc</name></member>
    <member refid="class_t_m_s_main_window_1_1_buyer_main_window_1ae62ee54382b0104cc84e568f6d6f323f" kind="variable"><name>newOrder</name></member>
    <member refid="class_t_m_s_main_window_1_1_buyer_main_window_1a21907205f3217fc02aa457896df6dd37" kind="variable"><name>sCities</name></member>
    <member refid="class_t_m_s_main_window_1_1_buyer_main_window_1ad7b3505efa3f500903032bf42f73acaa" kind="variable"><name>contracts</name></member>
    <member refid="class_t_m_s_main_window_1_1_buyer_main_window_1afd9859f86861e5fd723fdd9c40b9a455" kind="function"><name>BuyerMainWindow</name></member>
    <member refid="class_t_m_s_main_window_1_1_buyer_main_window_1a77ff535a5771eddb69fe537c9c8c53b7" kind="function"><name>MarketplaceOrdersListBox_SelectionChanged</name></member>
    <member refid="class_t_m_s_main_window_1_1_buyer_main_window_1a127375ce04a8da8c9dd129a5d39d124e" kind="function"><name>AcceptSelectedCustomerButton_Click</name></member>
    <member refid="class_t_m_s_main_window_1_1_buyer_main_window_1a1f284c742aa74de9a68e3a9645e1d617" kind="function"><name>CreateNewOrderButton_Click</name></member>
    <member refid="class_t_m_s_main_window_1_1_buyer_main_window_1a6f53513136623bdbbeddf74363ce6a59" kind="function"><name>AddCityToOrderButton_Click</name></member>
  </compound>
  <compound refid="class_t_m_s_main_window_1_1_carrier" kind="class"><name>TMSMainWindow::Carrier</name>
    <member refid="class_t_m_s_main_window_1_1_carrier_1a898bc6ae37014ba8c96dbfd498362982" kind="property"><name>CarrierID</name></member>
    <member refid="class_t_m_s_main_window_1_1_carrier_1ae166114bbd5a013ac4a08a38e8ab0ac6" kind="property"><name>CarrierName</name></member>
    <member refid="class_t_m_s_main_window_1_1_carrier_1ae380c73d4a6cf99ee4374c46a9aeb06c" kind="property"><name>DepotCity</name></member>
    <member refid="class_t_m_s_main_window_1_1_carrier_1a83f6356f3d87accd65134d472942c324" kind="property"><name>FTLA</name></member>
    <member refid="class_t_m_s_main_window_1_1_carrier_1a35b797ffa02fc94710a0dd8656bab5e8" kind="property"><name>LTLA</name></member>
    <member refid="class_t_m_s_main_window_1_1_carrier_1a10848e64a63797c5b1cb8c6890490565" kind="property"><name>FTLRate</name></member>
    <member refid="class_t_m_s_main_window_1_1_carrier_1acd32d9cc2db6077e921f5e19f547c73e" kind="property"><name>LTLRate</name></member>
    <member refid="class_t_m_s_main_window_1_1_carrier_1a76ec5d047b30501980dd66733687682c" kind="property"><name>ReefCharge</name></member>
  </compound>
  <compound refid="class_comm" kind="class"><name>Comm</name>
  </compound>
  <compound refid="class_t_m_s_main_window_1_1_comm_t_m_s" kind="class"><name>TMSMainWindow::CommTMS</name>
    <member refid="class_t_m_s_main_window_1_1_comm_t_m_s_1a5611c9f2acdf8df552b0e2daba8666de" kind="property"><name>connStr</name></member>
    <member refid="class_t_m_s_main_window_1_1_comm_t_m_s_1a9a567a4e1d0719d7cb523e0d125225c1" kind="variable"><name>conn</name></member>
    <member refid="class_t_m_s_main_window_1_1_comm_t_m_s_1a9a80e254c911639b11169cce53468edc" kind="function"><name>CommTMS</name></member>
    <member refid="class_t_m_s_main_window_1_1_comm_t_m_s_1af7fd431e825eb902eb3a1001eb5bedc4" kind="function"><name>InsertOrder</name></member>
    <member refid="class_t_m_s_main_window_1_1_comm_t_m_s_1aa46a3f7550807621c1dd0be6befc6f1d" kind="function"><name>CheckCustomer</name></member>
    <member refid="class_t_m_s_main_window_1_1_comm_t_m_s_1ab6b2c8b20558559d4ef7bdd3bfae18b0" kind="function"><name>AddCustomer</name></member>
    <member refid="class_t_m_s_main_window_1_1_comm_t_m_s_1a3378478f3d894fb9efe9b6a2a881cb26" kind="function"><name>AvailableCarriers</name></member>
    <member refid="class_t_m_s_main_window_1_1_comm_t_m_s_1a9da0369b5dfbd2b3e89d0de1ae0097b9" kind="function"><name>ListOpenOrders</name></member>
    <member refid="class_t_m_s_main_window_1_1_comm_t_m_s_1a64b8056b7a5d1f99c0d572d44071a286" kind="function"><name>ListCompletedOrders</name></member>
    <member refid="class_t_m_s_main_window_1_1_comm_t_m_s_1a2b720edebe2bc3f5fc6e0c6b099ae45a" kind="function"><name>GetCustomerName</name></member>
    <member refid="class_t_m_s_main_window_1_1_comm_t_m_s_1ab4a255d126c1cf04a5696393b0e647ec" kind="function"><name>DisplayCarriers</name></member>
    <member refid="class_t_m_s_main_window_1_1_comm_t_m_s_1a775ca3920ad84c17965d3a8e8f3b8006" kind="function"><name>GetRouteKMSHRS</name></member>
    <member refid="class_t_m_s_main_window_1_1_comm_t_m_s_1a808cf1a4dae922bb5fd71706c43de063" kind="function"><name>PlanTrip</name></member>
    <member refid="class_t_m_s_main_window_1_1_comm_t_m_s_1a5c6ca82be276010e09c851a6cc8b20d6" kind="function"><name>MarkOrderComplete</name></member>
    <member refid="class_t_m_s_main_window_1_1_comm_t_m_s_1af4e18b83c7a2d2ef793bef0123e1ce8a" kind="function"><name>GetCarrierID</name></member>
    <member refid="class_t_m_s_main_window_1_1_comm_t_m_s_1aa563468056cbb4c05ff4e0438530ab47" kind="function"><name>GetCityFromCarrier</name></member>
    <member refid="class_t_m_s_main_window_1_1_comm_t_m_s_1af817575c5fee2dcb40b96dff8b1d62b5" kind="function"><name>InsertTrip</name></member>
    <member refid="class_t_m_s_main_window_1_1_comm_t_m_s_1a54ff7f8e6f0500373545f79cc9a732b5" kind="function"><name>ListOfTrips</name></member>
    <member refid="class_t_m_s_main_window_1_1_comm_t_m_s_1a39063f108bce1a18fc8111d4938a2f22" kind="function"><name>GetCarrierFromID</name></member>
    <member refid="class_t_m_s_main_window_1_1_comm_t_m_s_1a796062b8ccf97eeea173590a4e6d8852" kind="function"><name>CitiesBetween</name></member>
    <member refid="class_t_m_s_main_window_1_1_comm_t_m_s_1aef313e4c6b333c9513510e6c066021e4" kind="function"><name>DisplayCustomers</name></member>
    <member refid="class_t_m_s_main_window_1_1_comm_t_m_s_1a49a86fee4c39cee537155a617e9fdc6b" kind="function"><name>CarrierList</name></member>
  </compound>
  <compound refid="class_t_m_s_main_window_1_1_communicate" kind="class"><name>TMSMainWindow::Communicate</name>
    <member refid="class_t_m_s_main_window_1_1_communicate_1aba5a2f550e3b505dc550b242e6a67627" kind="property"><name>DbIP</name></member>
    <member refid="class_t_m_s_main_window_1_1_communicate_1a3a101124c5070f67bdcc148f3a3093b5" kind="property"><name>DbPort</name></member>
    <member refid="class_t_m_s_main_window_1_1_communicate_1abc7531dabe10ed197f4c6e5c3112f46f" kind="property"><name>DbUser</name></member>
    <member refid="class_t_m_s_main_window_1_1_communicate_1acdc8fe131e431e5315b448b23b22e29d" kind="property"><name>DbPassword</name></member>
    <member refid="class_t_m_s_main_window_1_1_communicate_1a8f4b006365927d49dbd226bc29b9cfc1" kind="property"><name>DbName</name></member>
    <member refid="class_t_m_s_main_window_1_1_communicate_1abe43ad9b47229f8bcb7777e361e881cf" kind="function"><name>Communicate</name></member>
    <member refid="class_t_m_s_main_window_1_1_communicate_1a19eb594004b930935448078d2890a461" kind="function"><name>RetrieveContracts</name></member>
  </compound>
  <compound refid="class_t_m_s_main_window_1_1_contract" kind="class"><name>TMSMainWindow::Contract</name>
    <member refid="class_t_m_s_main_window_1_1_contract_1ab206d6090be27567862832c59ed261ae" kind="property"><name>ContractID</name></member>
    <member refid="class_t_m_s_main_window_1_1_contract_1a3fbc3166d4f1a1e99efc3f4068afe967" kind="property"><name>Name</name></member>
    <member refid="class_t_m_s_main_window_1_1_contract_1a47c06fbf639da7ae54367d23239c12d9" kind="property"><name>JobType</name></member>
    <member refid="class_t_m_s_main_window_1_1_contract_1a5078d194297643b1ecf86d20d2e5c1a7" kind="property"><name>Quantity</name></member>
    <member refid="class_t_m_s_main_window_1_1_contract_1a04e3405f5a7964dcaa4da821d6d27631" kind="property"><name>Origin</name></member>
    <member refid="class_t_m_s_main_window_1_1_contract_1a8b820da859b813758ad956795f875dc7" kind="property"><name>Destination</name></member>
    <member refid="class_t_m_s_main_window_1_1_contract_1acb6cf164681cfcd7d5dd6937f1ddccb8" kind="property"><name>VanType</name></member>
    <member refid="class_t_m_s_main_window_1_1_contract_1ae6fd9572e8236aaeb9e31fd1856060ab" kind="function"><name>Contract</name></member>
    <member refid="class_t_m_s_main_window_1_1_contract_1af6ec4a8d5f349decc7cfba961eefdcc4" kind="function"><name>Contract</name></member>
    <member refid="class_t_m_s_main_window_1_1_contract_1ae8dcb8d63c29fb8e3ade124d7237d2a1" kind="function"><name>ToString</name></member>
  </compound>
  <compound refid="class_t_m_s_main_window_1_1_order" kind="class"><name>TMSMainWindow::Order</name>
    <member refid="class_t_m_s_main_window_1_1_order_1a3c92f14fcbafdc0ac910c3ea5514524b" kind="property"><name>Id</name></member>
    <member refid="class_t_m_s_main_window_1_1_order_1a26ad20ae4b80bc549fcfa2b4f80ae254" kind="property"><name>CustomerID</name></member>
    <member refid="class_t_m_s_main_window_1_1_order_1ac5f9c2c262b60d61dde833c668649b36" kind="property"><name>CustomerName</name></member>
    <member refid="class_t_m_s_main_window_1_1_order_1aaa4642f331622e6690ab78a04b6dfd8e" kind="property"><name>JobType</name></member>
    <member refid="class_t_m_s_main_window_1_1_order_1a4e752af83a43a722d46c2ea223f6438c" kind="property"><name>vanType</name></member>
    <member refid="class_t_m_s_main_window_1_1_order_1ac6c64dc070ffbfc406fd614d19f17343" kind="property"><name>TotalCost</name></member>
    <member refid="class_t_m_s_main_window_1_1_order_1a814cfd21e69f588c282d00e5238c6851" kind="property"><name>OriginCity</name></member>
    <member refid="class_t_m_s_main_window_1_1_order_1aa69bedf62cb93d4e3004ac599369e049" kind="property"><name>DestinationCity</name></member>
    <member refid="class_t_m_s_main_window_1_1_order_1a37ee77db72ca99e7b2a3bb0e56064251" kind="property"><name>TotalHours</name></member>
    <member refid="class_t_m_s_main_window_1_1_order_1a24e55d20d69c3877e576cee680bcb6f0" kind="property"><name>TotalKms</name></member>
    <member refid="class_t_m_s_main_window_1_1_order_1a153a6b7e574090419e677630bc44d862" kind="property"><name>Surcharge</name></member>
    <member refid="class_t_m_s_main_window_1_1_order_1acd02a464d61ddec615dd67992aa64025" kind="property"><name>Markup</name></member>
    <member refid="class_t_m_s_main_window_1_1_order_1a5f68c1ce23d6de9227324af123bebd9d" kind="property"><name>Confirmed</name></member>
    <member refid="class_t_m_s_main_window_1_1_order_1a774480dd6d2b84f80f7c18537260ad75" kind="property"><name>date</name></member>
    <member refid="class_t_m_s_main_window_1_1_order_1a68f74b62f895ba35619c11bb6dbe869d" kind="variable"><name>tripList</name></member>
    <member refid="class_t_m_s_main_window_1_1_order_1a5d2feca871caca7faf8737f317dcbc19" kind="function"><name>Order</name></member>
    <member refid="class_t_m_s_main_window_1_1_order_1a8b9252bb8bb00ce34f444503a6847a8d" kind="function"><name>ToString</name></member>
    <member refid="class_t_m_s_main_window_1_1_order_1a24ffee555987b9f69ce3c20ffa13cfa5" kind="function"><name>CalcTotalHours</name></member>
  </compound>
  <compound refid="class_t_m_s_main_window_1_1_planner_main_window" kind="class"><name>TMSMainWindow::PlannerMainWindow</name>
    <member refid="class_t_m_s_main_window_1_1_planner_main_window_1a142db66e951b797eaa91e20dfe500acc" kind="variable"><name>nTMS</name></member>
    <member refid="class_t_m_s_main_window_1_1_planner_main_window_1ae69f71b3574e8cca22cc2636e20d4507" kind="variable"><name>nc</name></member>
    <member refid="class_t_m_s_main_window_1_1_planner_main_window_1a191e861958809636b8b438e356188eb0" kind="variable"><name>trip</name></member>
    <member refid="class_t_m_s_main_window_1_1_planner_main_window_1a99a7be4548d6209dbf480d095bba818a" kind="variable"><name>openOrders</name></member>
    <member refid="class_t_m_s_main_window_1_1_planner_main_window_1abe8434f9e322e1cd321e28cfc2aa3cc6" kind="function"><name>PlannerMainWindow</name></member>
    <member refid="class_t_m_s_main_window_1_1_planner_main_window_1ace42f0bd3aeec3d5a479dc24b9fd660b" kind="function"><name>ActiveOrdersDataGrid_SelectionChanged</name></member>
    <member refid="class_t_m_s_main_window_1_1_planner_main_window_1a84225eecfa96811816bf6416e72e17b3" kind="function"><name>AddTripToOrderButton_Click</name></member>
    <member refid="class_t_m_s_main_window_1_1_planner_main_window_1a55e8382cd4df72cc73be938d7241ce71" kind="function"><name>MarkOrderAsCompleteButton_Click</name></member>
    <member refid="class_t_m_s_main_window_1_1_planner_main_window_1a38cb728402471930a26f5f167f908a1e" kind="function"><name>CarrierListBox_SelectionChanged</name></member>
    <member refid="class_t_m_s_main_window_1_1_planner_main_window_1ab6f8927e18283819789642a9480e4cfb" kind="function"><name>ForwardTime</name></member>
  </compound>
  <compound refid="class_t_m_s_main_window_1_1_role_select_window" kind="class"><name>TMSMainWindow::RoleSelectWindow</name>
    <member refid="class_t_m_s_main_window_1_1_role_select_window_1a9349087eaaa610b45ee21575cbf505b0" kind="function"><name>RoleSelectWindow</name></member>
    <member refid="class_t_m_s_main_window_1_1_role_select_window_1ae82546df2da0957c49724fff9fac6206" kind="function"><name>SetSetting</name></member>
    <member refid="class_t_m_s_main_window_1_1_role_select_window_1ac88d3e8ebdb4e446851ba73245e7e7fa" kind="function"><name>adminButton_Click</name></member>
    <member refid="class_t_m_s_main_window_1_1_role_select_window_1a01624ec1653afb57fd4813590263c2d0" kind="function"><name>buyerButton_Click</name></member>
    <member refid="class_t_m_s_main_window_1_1_role_select_window_1aeb2656dd167c258504ecfa2db46d218a" kind="function"><name>plannerButton_Click</name></member>
  </compound>
  <compound refid="class_t_m_s_main_window_1_1_trip" kind="class"><name>TMSMainWindow::Trip</name>
    <member refid="class_t_m_s_main_window_1_1_trip_1ab3ed3723d49bf74e82b46bee78041024" kind="property"><name>ID</name></member>
    <member refid="class_t_m_s_main_window_1_1_trip_1a2da1c2e5bf6e4eaa07e6b53414949fbf" kind="property"><name>OrderId</name></member>
    <member refid="class_t_m_s_main_window_1_1_trip_1adf292412d39f9b54f5ac278b05570c70" kind="property"><name>TruckId</name></member>
    <member refid="class_t_m_s_main_window_1_1_trip_1a251615d9c5b93d75dd9dcea732d1c989" kind="property"><name>TripCost</name></member>
    <member refid="class_t_m_s_main_window_1_1_trip_1a419602e661a5c35040e53bc06b991186" kind="property"><name>GrossCost</name></member>
    <member refid="class_t_m_s_main_window_1_1_trip_1a22bd16abf0d799a578a0d8a064723984" kind="property"><name>Kilometers</name></member>
    <member refid="class_t_m_s_main_window_1_1_trip_1a27b7a209549170cbe69ebc101d180b11" kind="property"><name>Hours</name></member>
    <member refid="class_t_m_s_main_window_1_1_trip_1a9474111c3a49ac2bb0a5b519373270a6" kind="property"><name>OriginDepotID</name></member>
    <member refid="class_t_m_s_main_window_1_1_trip_1a2a8799fbb2820ad28e9ae6e22c442464" kind="property"><name>OriginCity</name></member>
    <member refid="class_t_m_s_main_window_1_1_trip_1a9b8f0dfd3806ab59fd881c66892ca86a" kind="property"><name>DestinationDepotID</name></member>
    <member refid="class_t_m_s_main_window_1_1_trip_1a74b3bea311c1b0f4ef1947456cb3da34" kind="property"><name>DestinationCity</name></member>
  </compound>
  <compound refid="namespace_my_sql_1_1_data" kind="namespace"><name>MySql::Data</name>
  </compound>
  <compound refid="namespace_my_sql_1_1_data_1_1_my_sql_client" kind="namespace"><name>MySql::Data::MySqlClient</name>
  </compound>
  <compound refid="namespace_system" kind="namespace"><name>System</name>
  </compound>
  <compound refid="namespace_system_1_1_collections_1_1_generic" kind="namespace"><name>System::Collections::Generic</name>
  </compound>
  <compound refid="namespace_system_1_1_configuration" kind="namespace"><name>System::Configuration</name>
  </compound>
  <compound refid="namespace_system_1_1_data" kind="namespace"><name>System::Data</name>
  </compound>
  <compound refid="namespace_system_1_1_i_o" kind="namespace"><name>System::IO</name>
  </compound>
  <compound refid="namespace_system_1_1_linq" kind="namespace"><name>System::Linq</name>
  </compound>
  <compound refid="namespace_system_1_1_text" kind="namespace"><name>System::Text</name>
  </compound>
  <compound refid="namespace_system_1_1_threading_1_1_tasks" kind="namespace"><name>System::Threading::Tasks</name>
  </compound>
  <compound refid="namespace_system_1_1_windows" kind="namespace"><name>System::Windows</name>
  </compound>
  <compound refid="namespace_system_1_1_windows_1_1_controls" kind="namespace"><name>System::Windows::Controls</name>
  </compound>
  <compound refid="namespace_system_1_1_windows_1_1_data" kind="namespace"><name>System::Windows::Data</name>
  </compound>
  <compound refid="namespace_system_1_1_windows_1_1_documents" kind="namespace"><name>System::Windows::Documents</name>
  </compound>
  <compound refid="namespace_system_1_1_windows_1_1_input" kind="namespace"><name>System::Windows::Input</name>
  </compound>
  <compound refid="namespace_system_1_1_windows_1_1_media" kind="namespace"><name>System::Windows::Media</name>
  </compound>
  <compound refid="namespace_system_1_1_windows_1_1_media_1_1_imaging" kind="namespace"><name>System::Windows::Media::Imaging</name>
  </compound>
  <compound refid="namespace_system_1_1_windows_1_1_navigation" kind="namespace"><name>System::Windows::Navigation</name>
  </compound>
  <compound refid="namespace_system_1_1_windows_1_1_shapes" kind="namespace"><name>System::Windows::Shapes</name>
  </compound>
  <compound refid="namespace_t_m_s_main_window" kind="namespace"><name>TMSMainWindow</name>
  </compound>
  <compound refid="_admin_main_window_8xaml_8cs" kind="file"><name>AdminMainWindow.xaml.cs</name>
  </compound>
  <compound refid="_app_8xaml_8cs" kind="file"><name>App.xaml.cs</name>
  </compound>
  <compound refid="_buyer_main_window_8xaml_8cs" kind="file"><name>BuyerMainWindow.xaml.cs</name>
  </compound>
  <compound refid="_carrier_8cs" kind="file"><name>Carrier.cs</name>
  </compound>
  <compound refid="_comm_t_m_s_8cs" kind="file"><name>CommTMS.cs</name>
  </compound>
  <compound refid="_communicate_8cs" kind="file"><name>Communicate.cs</name>
  </compound>
  <compound refid="_contract_8cs" kind="file"><name>Contract.cs</name>
  </compound>
  <compound refid="mainwindow_8xaml_8cs" kind="file"><name>mainwindow.xaml.cs</name>
  </compound>
  <compound refid="_order_8cs" kind="file"><name>Order.cs</name>
  </compound>
  <compound refid="_planner_main_window_8xaml_8cs" kind="file"><name>PlannerMainWindow.xaml.cs</name>
  </compound>
  <compound refid="_t_m_s_main_page_8h" kind="file"><name>TMSMainPage.h</name>
  </compound>
  <compound refid="_trip_8cs" kind="file"><name>Trip.cs</name>
  </compound>
  <compound refid="indexpage" kind="page"><name>index</name>
  </compound>
</doxygenindex>
