<?xml version='1.0' encoding='UTF-8' standalone='no'?>
<doxygen xmlns:xsi="http://www.w3.org/2001/XMLSchema-instance" xsi:noNamespaceSchemaLocation="compound.xsd" version="1.9.2" xml:lang="en-US">
  <compounddef id="namespace_system_1_1_i_o" kind="namespace" language="C#">
    <compoundname>System::IO</compoundname>
    <briefdescription>
    </briefdescription>
    <detaileddescription>
    </detaileddescription>
    <location file="mainwindow.xaml.cs" line="15" column="16"/>
  </compounddef>
</doxygen>
