<?xml version='1.0' encoding='UTF-8' standalone='no'?>
<doxygen xmlns:xsi="http://www.w3.org/2001/XMLSchema-instance" xsi:noNamespaceSchemaLocation="compound.xsd" version="1.9.2" xml:lang="en-US">
  <compounddef id="namespace_my_sql_1_1_data" kind="namespace" language="C#">
    <compoundname>MySql::Data</compoundname>
    <briefdescription>
    </briefdescription>
    <detaileddescription>
    </detaileddescription>
    <location file="CommTMS.cs" line="6" column="17"/>
  </compounddef>
</doxygen>
