<?xml version='1.0' encoding='UTF-8' standalone='no'?>
<doxygen xmlns:xsi="http://www.w3.org/2001/XMLSchema-instance" xsi:noNamespaceSchemaLocation="compound.xsd" version="1.9.2" xml:lang="en-US">
  <compounddef id="namespace_system_1_1_windows_1_1_controls" kind="namespace" language="C#">
    <compoundname>System::Windows::Controls</compoundname>
    <briefdescription>
    </briefdescription>
    <detaileddescription>
    </detaileddescription>
    <location file="AdminMainWindow.xaml.cs" line="7" column="30"/>
  </compounddef>
</doxygen>
